Time, Error Position
6.000, 4.662
12.000, 4.662
18.000, 4.653
24.000, 4.634
30.000, 4.616
36.000, 4.588
42.000, 4.556
48.000, 4.523
54.000, 4.491
60.000, 4.454
66.000, 4.421
72.000, 4.384
78.000, 4.343
84.000, 4.306
90.000, 4.264
96.000, 4.227
102.000, 4.190
108.000, 4.148
114.000, 4.106
120.000, 4.069
126.000, 4.032
132.000, 3.991
138.000, 3.949
144.000, 3.912
150.000, 3.870
156.000, 3.829
162.000, 3.792
168.000, 3.750
174.000, 3.708
180.000, 3.671
186.000, 3.634
192.000, 3.593
198.000, 3.551
204.000, 3.514
210.000, 3.477
216.000, 3.435
222.000, 3.394
228.000, 3.356
234.000, 3.319
240.000, 3.278
246.000, 3.241
252.000, 3.204
258.000, 3.162
264.000, 3.125
270.000, 3.088
276.000, 3.051
282.000, 3.014
288.000, 2.977
294.000, 2.935
300.000, 2.898
306.000, 2.861
312.000, 2.824
318.000, 2.787
324.000, 2.750
330.000, 2.713
336.000, 2.676
342.000, 2.639
348.000, 2.602
354.000, 2.569
360.000, 2.532
366.000, 2.495
372.000, 2.458
378.000, 2.421
384.000, 2.389
390.000, 2.356
396.000, 2.319
402.000, 2.282
408.000, 2.250
414.000, 2.218
420.000, 2.181
426.000, 2.153
432.000, 2.116
438.000, 2.088
444.000, 2.051
450.000, 2.019
456.000, 1.986
462.000, 1.958
468.000, 1.926
474.000, 1.894
480.000, 1.866
486.000, 1.833
492.000, 1.806
498.000, 1.778
504.000, 1.745
510.000, 1.718
516.000, 1.690
522.000, 1.667
528.000, 1.639
534.000, 1.616
540.000, 1.588
546.000, 1.560
552.000, 1.542
558.000, 1.514
564.000, 1.495
570.000, 1.468
576.000, 1.449
582.000, 1.431
588.000, 1.407
594.000, 1.389
600.000, 1.366
606.000, 1.347
612.000, 1.329
618.000, 1.310
624.000, 1.292
630.000, 1.273
636.000, 1.255
642.000, 1.236
648.000, 1.222
654.000, 1.204
660.000, 1.190
666.000, 1.171
672.000, 1.153
678.000, 1.134
684.000, 1.120
690.000, 1.106
696.000, 1.088
702.000, 1.074
708.000, 1.060
714.000, 1.051
720.000, 1.037
726.000, 1.023
732.000, 1.014
738.000, 1.000
744.000, 0.986
750.000, 0.977
756.000, 0.968
762.000, 0.958
768.000, 0.944
774.000, 0.935
780.000, 0.926
786.000, 0.912
792.000, 0.903
798.000, 0.894
804.000, 0.884
810.000, 0.875
816.000, 0.866
822.000, 0.856
828.000, 0.847
834.000, 0.843
840.000, 0.833
846.000, 0.824
852.000, 0.815
858.000, 0.810
864.000, 0.801
870.000, 0.792
876.000, 0.782
882.000, 0.778
888.000, 0.769
894.000, 0.764
900.000, 0.755
906.000, 0.750
912.000, 0.745
918.000, 0.736
924.000, 0.731
930.000, 0.727
936.000, 0.722
942.000, 0.718
948.000, 0.708
954.000, 0.708
960.000, 0.699
966.000, 0.699
972.000, 0.694
978.000, 0.690
984.000, 0.690
990.000, 0.681
996.000, 0.681
1002.000, 0.681
1008.000, 0.671
1014.000, 0.671
1020.000, 0.667
1026.000, 0.662
1032.000, 0.662
1038.000, 0.657
1044.000, 0.653
1050.000, 0.653
1056.000, 0.644
1062.000, 0.644
1068.000, 0.634
1074.000, 0.630
1080.000, 0.625
1086.000, 0.620
1092.000, 0.616
1098.000, 0.611
1104.000, 0.606
1110.000, 0.606
1116.000, 0.602
1122.000, 0.597
1128.000, 0.593
1134.000, 0.588
1140.000, 0.588
1146.000, 0.583
1152.000, 0.579
1158.000, 0.579
1164.000, 0.574
1170.000, 0.569
1176.000, 0.569
1182.000, 0.565
1188.000, 0.565
1194.000, 0.560
1200.000, 0.560
1206.000, 0.556
1212.000, 0.556
1218.000, 0.551
1224.000, 0.546
1230.000, 0.542
1236.000, 0.542
1242.000, 0.537
1248.000, 0.537
1254.000, 0.532
1260.000, 0.532
1266.000, 0.532
1272.000, 0.532
1278.000, 0.532
1284.000, 0.532
1290.000, 0.528
1296.000, 0.528
1302.000, 0.528
1308.000, 0.528
1314.000, 0.528
1320.000, 0.523
1326.000, 0.523
1332.000, 0.523
1338.000, 0.523
1344.000, 0.523
1350.000, 0.523
1356.000, 0.523
1362.000, 0.523
1368.000, 0.523
1374.000, 0.519
1380.000, 0.519
1386.000, 0.519
1392.000, 0.519
1398.000, 0.514
1404.000, 0.514
1410.000, 0.514
1416.000, 0.514
1422.000, 0.509
1428.000, 0.505
1434.000, 0.505
1440.000, 0.505
1446.000, 0.505
1452.000, 0.505
1458.000, 0.505
1464.000, 0.500
1470.000, 0.500
1476.000, 0.500
1482.000, 0.500
1488.000, 0.500
1494.000, 0.500
1500.000, 0.500
1506.000, 0.495
1512.000, 0.495
1518.000, 0.495
1524.000, 0.495
1530.000, 0.495
1536.000, 0.495
1542.000, 0.495
1548.000, 0.495
1554.000, 0.495
1560.000, 0.491
1566.000, 0.491
1572.000, 0.491
1578.000, 0.491
1584.000, 0.491
1590.000, 0.486
1596.000, 0.486
1602.000, 0.486
1608.000, 0.486
1614.000, 0.486
1620.000, 0.486
1626.000, 0.486
1632.000, 0.486
1638.000, 0.481
1644.000, 0.481
1650.000, 0.477
1656.000, 0.477
1662.000, 0.477
1668.000, 0.477
1674.000, 0.477
1680.000, 0.477
1686.000, 0.477
1692.000, 0.477
1698.000, 0.477
1704.000, 0.472
1710.000, 0.472
1716.000, 0.472
1722.000, 0.472
1728.000, 0.472
1734.000, 0.472
1740.000, 0.472
1746.000, 0.472
1752.000, 0.472
1758.000, 0.468
1764.000, 0.468
1770.000, 0.468
1776.000, 0.468
1782.000, 0.468
1788.000, 0.468
1794.000, 0.468
1800.000, 0.468
1806.000, 0.468
1812.000, 0.468
1818.000, 0.468
1824.000, 0.468
1830.000, 0.468
1836.000, 0.468
1842.000, 0.468
1848.000, 0.468
1854.000, 0.468
1860.000, 0.468
1866.000, 0.468
1872.000, 0.468
1878.000, 0.468
1884.000, 0.468
1890.000, 0.468
1896.000, 0.468
1902.000, 0.468
1908.000, 0.468
1914.000, 0.468
1920.000, 0.468
1926.000, 0.468
1932.000, 0.468
1938.000, 0.468
1944.000, 0.468
1950.000, 0.468
1956.000, 0.468
1962.000, 0.468
1968.000, 0.468
1974.000, 0.468
1980.000, 0.468
1986.000, 0.468
1992.000, 0.468
1998.000, 0.468
2004.000, 0.468
2010.000, 0.468
2016.000, 0.468
2022.000, 0.468
2028.000, 0.468
2034.000, 0.468
2040.000, 0.468
2046.000, 0.468
2052.000, 0.468
2058.000, 0.468
2064.000, 0.468
2070.000, 0.468
2076.000, 0.468
2082.000, 0.468
2088.000, 0.468
2094.000, 0.468
2100.000, 0.468
2106.000, 0.468
2112.000, 0.468
2118.000, 0.468
2124.000, 0.468
2130.000, 0.468
2136.000, 0.468
2142.000, 0.468
2148.000, 0.468
2154.000, 0.468
2160.000, 0.468
2166.000, 0.468
2172.000, 0.468
2178.000, 0.468
2184.000, 0.468
2190.000, 0.468
2196.000, 0.468
2202.000, 0.468
2208.000, 0.468
2214.000, 0.468
2220.000, 0.468
2226.000, 0.468
2232.000, 0.468
2238.000, 0.468
2244.000, 0.468
2250.000, 0.468
2256.000, 0.468
2262.000, 0.468
2268.000, 0.468
2274.000, 0.468
2280.000, 0.468
2286.000, 0.468
2292.000, 0.468
2298.000, 0.468
2304.000, 0.468
2310.000, 0.468
2316.000, 0.468
2322.000, 0.468
2328.000, 0.468
2334.000, 0.468
2340.000, 0.468
2346.000, 0.468
2352.000, 0.468
2358.000, 0.468
2364.000, 0.468
2370.000, 0.468
2376.000, 0.468
2382.000, 0.468
2388.000, 0.468
2394.000, 0.468
2400.000, 0.468
2406.000, 0.468
2412.000, 0.468
2418.000, 0.468
2424.000, 0.468
2430.000, 0.468
2436.000, 0.468
2442.000, 0.468
2448.000, 0.468
2454.000, 0.468
2460.000, 0.468
2466.000, 0.468
2472.000, 0.468
2478.000, 0.468
2484.000, 0.468
2490.000, 0.468
2496.000, 0.468
2502.000, 0.468
2508.000, 0.468
2514.000, 0.468
2520.000, 0.468
2526.000, 0.468
2532.000, 0.468
2538.000, 0.468
2544.000, 0.468
2550.000, 0.468
2556.000, 0.468
2562.000, 0.468
2568.000, 0.468
2574.000, 0.468
2580.000, 0.468
2586.000, 0.468
2592.000, 0.468
2598.000, 0.468
2604.000, 0.468
2610.000, 0.468
2616.000, 0.468
2622.000, 0.468
2628.000, 0.468
2634.000, 0.468
2640.000, 0.468
2646.000, 0.468
2652.000, 0.468
2658.000, 0.468
2664.000, 0.468
2670.000, 0.468
2676.000, 0.468
2682.000, 0.468
2688.000, 0.468
2694.000, 0.468
2700.000, 0.468
2706.000, 0.468
2712.000, 0.468
2718.000, 0.468
2724.000, 0.468
2730.000, 0.468
2736.000, 0.468
2742.000, 0.468
2748.000, 0.468
2754.000, 0.468
2760.000, 0.468
2766.000, 0.468
2772.000, 0.468
2778.000, 0.468
2784.000, 0.468
2790.000, 0.463
2796.000, 0.463
2802.000, 0.463
2808.000, 0.463
2814.000, 0.463
2820.000, 0.458
2826.000, 0.458
2832.000, 0.458
2838.000, 0.458
2844.000, 0.458
2850.000, 0.458
2856.000, 0.458
2862.000, 0.458
2868.000, 0.458
2874.000, 0.458
2880.000, 0.458
2886.000, 0.458
2892.000, 0.458
2898.000, 0.458
2904.000, 0.458
2910.000, 0.458
2916.000, 0.458
2922.000, 0.458
2928.000, 0.458
2934.000, 0.458
2940.000, 0.458
2946.000, 0.458
2952.000, 0.458
2958.000, 0.454
2964.000, 0.454
2970.000, 0.449
2976.000, 0.449
2982.000, 0.449
2988.000, 0.449
2994.000, 0.449
3000.000, 0.449
3006.000, 0.449
3012.000, 0.449
3018.000, 0.449
3024.000, 0.449
3030.000, 0.449
3036.000, 0.449
3042.000, 0.449
3048.000, 0.449
3054.000, 0.449
3060.000, 0.449
3066.000, 0.449
3072.000, 0.449
3078.000, 0.449
3084.000, 0.449
3090.000, 0.449
3096.000, 0.449
3102.000, 0.449
3108.000, 0.449
3114.000, 0.449
3120.000, 0.449
3126.000, 0.449
3132.000, 0.449
3138.000, 0.449
3144.000, 0.449
3150.000, 0.449
3156.000, 0.449
3162.000, 0.449
3168.000, 0.449
3174.000, 0.449
3180.000, 0.449
3186.000, 0.449
3192.000, 0.449
3198.000, 0.449
3204.000, 0.449
3210.000, 0.449
3216.000, 0.449
3222.000, 0.449
3228.000, 0.449
3234.000, 0.449
3240.000, 0.449
3246.000, 0.449
3252.000, 0.449
3258.000, 0.449
3264.000, 0.449
3270.000, 0.449
3276.000, 0.449
3282.000, 0.449
3288.000, 0.449
3294.000, 0.449
3300.000, 0.449
3306.000, 0.449
3312.000, 0.449
3318.000, 0.449
3324.000, 0.449
3330.000, 0.449
3336.000, 0.449
3342.000, 0.449
3348.000, 0.449
3354.000, 0.449
3360.000, 0.449
3366.000, 0.449
3372.000, 0.449
3378.000, 0.449
3384.000, 0.449
3390.000, 0.449
3396.000, 0.449
3402.000, 0.449
3408.000, 0.449
3414.000, 0.449
3420.000, 0.449
3426.000, 0.449
3432.000, 0.449
3438.000, 0.449
3444.000, 0.449
3450.000, 0.449
3456.000, 0.449
3462.000, 0.449
3468.000, 0.449
3474.000, 0.449
3480.000, 0.449
3486.000, 0.449
3492.000, 0.449
3498.000, 0.449
3504.000, 0.449
3510.000, 0.449
3516.000, 0.449
3522.000, 0.449
3528.000, 0.449
3534.000, 0.449
3540.000, 0.449
3546.000, 0.449
3552.000, 0.449
3558.000, 0.449
3564.000, 0.449
3570.000, 0.449
3576.000, 0.449
3582.000, 0.449
3588.000, 0.449
3594.000, 0.449
3600.000, 0.449
3606.000, 0.449
3612.000, 0.449
3618.000, 0.449
3624.000, 0.449
3630.000, 0.449
3636.000, 0.449
3642.000, 0.449
3648.000, 0.449
3654.000, 0.449
3660.000, 0.449
3666.000, 0.449
3672.000, 0.449
3678.000, 0.449
3684.000, 0.449
3690.000, 0.449
3696.000, 0.449
3702.000, 0.449
3708.000, 0.449
3714.000, 0.449
3720.000, 0.449
3726.000, 0.449
3732.000, 0.449
3738.000, 0.449
3744.000, 0.449
3750.000, 0.449
3756.000, 0.449
3762.000, 0.449
3768.000, 0.449
3774.000, 0.449
3780.000, 0.449
3786.000, 0.449
3792.000, 0.449
3798.000, 0.449
3804.000, 0.449
3810.000, 0.449
3816.000, 0.449
3822.000, 0.449
3828.000, 0.449
3834.000, 0.449
3840.000, 0.449
3846.000, 0.449
3852.000, 0.449
3858.000, 0.449
3864.000, 0.449
3870.000, 0.449
3876.000, 0.449
3882.000, 0.449
3888.000, 0.449
3894.000, 0.449
3900.000, 0.449
3906.000, 0.449
3912.000, 0.449
3918.000, 0.449
3924.000, 0.449
3930.000, 0.449
3936.000, 0.449
3942.000, 0.449
3948.000, 0.449
3954.000, 0.449
3960.000, 0.449
3966.000, 0.449
3972.000, 0.449
3978.000, 0.449
3984.000, 0.449
3990.000, 0.449
3996.000, 0.449
4002.000, 0.449
4008.000, 0.449
4014.000, 0.449
4020.000, 0.449
4026.000, 0.449
4032.000, 0.449
4038.000, 0.449
4044.000, 0.449
4050.000, 0.449
4056.000, 0.449
4062.000, 0.449
4068.000, 0.449
4074.000, 0.449
4080.000, 0.449
4086.000, 0.449
4092.000, 0.449
4098.000, 0.449
4104.000, 0.449
4110.000, 0.449
4116.000, 0.444
4122.000, 0.444
4128.000, 0.444
4134.000, 0.444
4140.000, 0.444
4146.000, 0.440
4152.000, 0.440
4158.000, 0.440
4164.000, 0.440
4170.000, 0.440
4176.000, 0.440
4182.000, 0.440
4188.000, 0.440
4194.000, 0.440
4200.000, 0.440
4206.000, 0.440
4212.000, 0.440
4218.000, 0.440
4224.000, 0.440
4230.000, 0.440
4236.000, 0.440
4242.000, 0.440
4248.000, 0.440
4254.000, 0.435
4260.000, 0.435
4266.000, 0.435
4272.000, 0.431
4278.000, 0.431
4284.000, 0.431
4290.000, 0.431
4296.000, 0.426
4302.000, 0.421
4308.000, 0.421
4314.000, 0.421
4320.000, 0.421
4326.000, 0.421
4332.000, 0.421
4338.000, 0.417
4344.000, 0.417
4350.000, 0.417
4356.000, 0.417
4362.000, 0.417
4368.000, 0.412
4374.000, 0.412
4380.000, 0.412
4386.000, 0.412
4392.000, 0.412
4398.000, 0.412
4404.000, 0.412
4410.000, 0.412
4416.000, 0.412
4422.000, 0.412
4428.000, 0.412
4434.000, 0.412
4440.000, 0.412
4446.000, 0.412
4452.000, 0.412
4458.000, 0.412
4464.000, 0.412
4470.000, 0.412
4476.000, 0.412
4482.000, 0.412
4488.000, 0.412
4494.000, 0.412
4500.000, 0.412
4506.000, 0.412
4512.000, 0.412
4518.000, 0.412
4524.000, 0.412
4530.000, 0.412
4536.000, 0.412
4542.000, 0.412
4548.000, 0.412
4554.000, 0.412
4560.000, 0.412
4566.000, 0.412
4572.000, 0.412
4578.000, 0.412
4584.000, 0.412
4590.000, 0.412
4596.000, 0.412
4602.000, 0.412
4608.000, 0.412
4614.000, 0.412
4620.000, 0.412
4626.000, 0.412
4632.000, 0.412
4638.000, 0.412
4644.000, 0.412
4650.000, 0.412
4656.000, 0.412
4662.000, 0.412
4668.000, 0.412
4674.000, 0.412
4680.000, 0.412
4686.000, 0.412
4692.000, 0.412
4698.000, 0.407
4704.000, 0.407
4710.000, 0.407
4716.000, 0.407
4722.000, 0.407
4728.000, 0.403
4734.000, 0.403
4740.000, 0.403
4746.000, 0.403
4752.000, 0.403
4758.000, 0.403
4764.000, 0.403
4770.000, 0.403
4776.000, 0.403
4782.000, 0.403
4788.000, 0.403
4794.000, 0.403
4800.000, 0.403
4806.000, 0.403
4812.000, 0.403
4818.000, 0.403
4824.000, 0.403
4830.000, 0.398
4836.000, 0.398
4842.000, 0.398
4848.000, 0.398
4854.000, 0.398
4860.000, 0.394
4866.000, 0.394
4872.000, 0.394
4878.000, 0.394
4884.000, 0.394
4890.000, 0.394
4896.000, 0.394
4902.000, 0.394
4908.000, 0.394
4914.000, 0.394
4920.000, 0.394
4926.000, 0.394
4932.000, 0.394
4938.000, 0.394
4944.000, 0.394
4950.000, 0.394
4956.000, 0.394
4962.000, 0.394
4968.000, 0.394
4974.000, 0.394
4980.000, 0.394
4986.000, 0.394
4992.000, 0.394
4998.000, 0.394
6.000, -2.606
12.000, -2.606
18.000, -2.597
24.000, -2.579
30.000, -2.556
36.000, -2.532
42.000, -2.500
48.000, -2.468
54.000, -2.435
60.000, -2.403
66.000, -2.366
72.000, -2.333
78.000, -2.301
84.000, -2.264
90.000, -2.227
96.000, -2.190
102.000, -2.153
108.000, -2.116
114.000, -2.083
120.000, -2.046
126.000, -2.009
132.000, -1.977
138.000, -1.940
144.000, -1.903
150.000, -1.866
156.000, -1.833
162.000, -1.796
168.000, -1.764
174.000, -1.727
180.000, -1.694
186.000, -1.662
192.000, -1.625
198.000, -1.593
204.000, -1.560
210.000, -1.528
216.000, -1.495
222.000, -1.463
228.000, -1.431
234.000, -1.398
240.000, -1.366
246.000, -1.338
252.000, -1.306
258.000, -1.278
264.000, -1.245
270.000, -1.218
276.000, -1.185
282.000, -1.157
288.000, -1.130
294.000, -1.102
300.000, -1.074
306.000, -1.051
312.000, -1.023
318.000, -0.995
324.000, -0.968
330.000, -0.944
336.000, -0.921
342.000, -0.894
348.000, -0.870
354.000, -0.847
360.000, -0.824
366.000, -0.801
372.000, -0.778
378.000, -0.755
384.000, -0.736
390.000, -0.718
396.000, -0.694
402.000, -0.676
408.000, -0.653
414.000, -0.634
420.000, -0.616
426.000, -0.597
432.000, -0.579
438.000, -0.565
444.000, -0.546
450.000, -0.532
456.000, -0.514
462.000, -0.495
468.000, -0.477
474.000, -0.463
480.000, -0.449
486.000, -0.435
492.000, -0.421
498.000, -0.407
504.000, -0.394
510.000, -0.380
516.000, -0.366
522.000, -0.356
528.000, -0.343
534.000, -0.329
540.000, -0.319
546.000, -0.310
552.000, -0.301
558.000, -0.287
564.000, -0.278
570.000, -0.269
576.000, -0.259
582.000, -0.250
588.000, -0.241
594.000, -0.231
600.000, -0.222
606.000, -0.218
612.000, -0.208
618.000, -0.199
624.000, -0.190
630.000, -0.181
636.000, -0.176
642.000, -0.167
648.000, -0.162
654.000, -0.153
660.000, -0.144
666.000, -0.139
672.000, -0.134
678.000, -0.125
684.000, -0.116
690.000, -0.111
696.000, -0.106
702.000, -0.102
708.000, -0.097
714.000, -0.088
720.000, -0.083
726.000, -0.079
732.000, -0.069
738.000, -0.065
744.000, -0.060
750.000, -0.056
756.000, -0.051
762.000, -0.042
768.000, -0.042
774.000, -0.037
780.000, -0.032
786.000, -0.028
792.000, -0.023
798.000, -0.019
804.000, -0.014
810.000, -0.009
816.000, -0.009
822.000, -0.005
828.000, -0.005
834.000, 0.000
840.000, 0.000
846.000, 0.005
852.000, 0.009
858.000, 0.009
864.000, 0.014
870.000, 0.014
876.000, 0.014
882.000, 0.014
888.000, 0.014
894.000, 0.014
900.000, 0.014
906.000, 0.014
912.000, 0.014
918.000, 0.014
924.000, 0.014
930.000, 0.014
936.000, 0.014
942.000, 0.014
948.000, 0.014
954.000, 0.014
960.000, 0.014
966.000, 0.014
972.000, 0.014
978.000, 0.014
984.000, 0.014
990.000, 0.014
996.000, 0.014
1002.000, 0.014
1008.000, 0.014
1014.000, 0.014
1020.000, 0.014
1026.000, 0.014
1032.000, 0.014
1038.000, 0.014
1044.000, 0.014
1050.000, 0.014
1056.000, 0.014
1062.000, 0.014
1068.000, 0.014
1074.000, 0.014
1080.000, 0.014
1086.000, 0.014
1092.000, 0.014
1098.000, 0.014
1104.000, 0.014
1110.000, 0.014
1116.000, 0.014
1122.000, 0.014
1128.000, 0.014
1134.000, 0.014
1140.000, 0.014
1146.000, 0.014
1152.000, 0.014
1158.000, 0.014
1164.000, 0.014
1170.000, 0.014
1176.000, 0.014
1182.000, 0.014
1188.000, 0.014
1194.000, 0.014
1200.000, 0.014
1206.000, 0.014
1212.000, 0.014
1218.000, 0.014
1224.000, 0.014
1230.000, 0.014
1236.000, 0.014
1242.000, 0.014
1248.000, 0.014
1254.000, 0.014
1260.000, 0.014
1266.000, 0.014
1272.000, 0.014
1278.000, 0.014
1284.000, 0.014
1290.000, 0.014
1296.000, 0.014
1302.000, 0.014
1308.000, 0.014
1314.000, 0.014
1320.000, 0.014
1326.000, 0.014
1332.000, 0.014
1338.000, 0.014
1344.000, 0.014
1350.000, 0.014
1356.000, 0.014
1362.000, 0.014
1368.000, 0.014
1374.000, 0.014
1380.000, 0.014
1386.000, 0.014
1392.000, 0.014
1398.000, 0.014
1404.000, 0.014
1410.000, 0.014
1416.000, 0.014
1422.000, 0.014
1428.000, 0.014
1434.000, 0.014
1440.000, 0.014
1446.000, 0.014
1452.000, 0.014
1458.000, 0.014
1464.000, 0.014
1470.000, 0.014
1476.000, 0.014
1482.000, 0.014
1488.000, 0.014
1494.000, 0.014
1500.000, 0.014
1506.000, 0.014
1512.000, 0.014
1518.000, 0.014
1524.000, 0.014
1530.000, 0.014
1536.000, 0.014
1542.000, 0.014
1548.000, 0.014
1554.000, 0.014
1560.000, 0.014
1566.000, 0.014
1572.000, 0.014
1578.000, 0.014
1584.000, 0.014
1590.000, 0.014
1596.000, 0.014
1602.000, 0.014
1608.000, 0.014
1614.000, 0.014
1620.000, 0.014
1626.000, 0.014
1632.000, 0.014
1638.000, 0.014
1644.000, 0.014
1650.000, 0.014
1656.000, 0.014
1662.000, 0.014
1668.000, 0.014
1674.000, 0.014
1680.000, 0.014
1686.000, 0.014
1692.000, 0.014
1698.000, 0.014
1704.000, 0.014
1710.000, 0.014
1716.000, 0.014
1722.000, 0.014
1728.000, 0.014
1734.000, 0.014
1740.000, 0.014
1746.000, 0.014
1752.000, 0.014
1758.000, 0.014
1764.000, 0.014
1770.000, 0.014
1776.000, 0.014
1782.000, 0.014
1788.000, 0.014
1794.000, 0.014
1800.000, 0.014
1806.000, 0.014
1812.000, 0.014
1818.000, 0.014
1824.000, 0.014
1830.000, 0.014
1836.000, 0.014
1842.000, 0.014
1848.000, 0.014
1854.000, 0.014
1860.000, 0.014
1866.000, 0.014
1872.000, 0.014
1878.000, 0.014
1884.000, 0.014
1890.000, 0.014
1896.000, 0.014
1902.000, 0.014
1908.000, 0.014
1914.000, 0.014
1920.000, 0.014
1926.000, 0.014
1932.000, 0.014
1938.000, 0.014
1944.000, 0.014
1950.000, 0.014
1956.000, 0.014
1962.000, 0.014
1968.000, 0.014
1974.000, 0.014
1980.000, 0.014
1986.000, 0.014
1992.000, 0.014
1998.000, 0.014
2004.000, 0.014
2010.000, 0.014
2016.000, 0.014
2022.000, 0.014
2028.000, 0.014
2034.000, 0.014
2040.000, 0.014
2046.000, 0.014
2052.000, 0.014
2058.000, 0.014
2064.000, 0.014
2070.000, 0.014
2076.000, 0.014
2082.000, 0.014
2088.000, 0.014
2094.000, 0.014
2100.000, 0.014
2106.000, 0.014
2112.000, 0.014
2118.000, 0.014
2124.000, 0.014
2130.000, 0.014
2136.000, 0.014
2142.000, 0.014
2148.000, 0.014
2154.000, 0.014
2160.000, 0.014
2166.000, 0.014
2172.000, 0.014
2178.000, 0.014
2184.000, 0.014
2190.000, 0.014
2196.000, 0.014
2202.000, 0.014
2208.000, 0.014
2214.000, 0.014
2220.000, 0.014
2226.000, 0.014
2232.000, 0.014
2238.000, 0.014
2244.000, 0.014
2250.000, 0.014
2256.000, 0.014
2262.000, 0.014
2268.000, 0.014
2274.000, 0.014
2280.000, 0.014
2286.000, 0.014
2292.000, 0.014
2298.000, 0.014
2304.000, 0.014
2310.000, 0.014
2316.000, 0.014
2322.000, 0.014
2328.000, 0.014
2334.000, 0.014
2340.000, 0.014
2346.000, 0.014
2352.000, 0.014
2358.000, 0.014
2364.000, 0.014
2370.000, 0.014
2376.000, 0.014
2382.000, 0.014
2388.000, 0.014
2394.000, 0.014
2400.000, 0.014
2406.000, 0.014
2412.000, 0.014
2418.000, 0.014
2424.000, 0.014
2430.000, 0.014
2436.000, 0.014
2442.000, 0.014
2448.000, 0.014
2454.000, 0.014
2460.000, 0.014
2466.000, 0.014
2472.000, 0.014
2478.000, 0.014
2484.000, 0.014
2490.000, 0.014
2496.000, 0.014
2502.000, 0.014
2508.000, 0.014
2514.000, 0.014
2520.000, 0.014
2526.000, 0.014
2532.000, 0.014
2538.000, 0.014
2544.000, 0.014
2550.000, 0.014
2556.000, 0.014
2562.000, 0.014
2568.000, 0.014
2574.000, 0.014
2580.000, 0.014
2586.000, 0.014
2592.000, 0.014
2598.000, 0.014
2604.000, 0.014
2610.000, 0.014
2616.000, 0.014
2622.000, 0.014
2628.000, 0.014
2634.000, 0.014
2640.000, 0.014
2646.000, 0.014
2652.000, 0.014
2658.000, 0.014
2664.000, 0.014
2670.000, 0.014
2676.000, 0.014
2682.000, 0.014
2688.000, 0.014
2694.000, 0.014
2700.000, 0.014
2706.000, 0.014
2712.000, 0.014
2718.000, 0.014
2724.000, 0.014
2730.000, 0.014
2736.000, 0.014
2742.000, 0.014
2748.000, 0.014
2754.000, 0.014
2760.000, 0.014
2766.000, 0.014
2772.000, 0.014
2778.000, 0.014
2784.000, 0.014
2790.000, 0.014
2796.000, 0.014
2802.000, 0.014
2808.000, 0.014
2814.000, 0.014
2820.000, 0.014
2826.000, 0.014
2832.000, 0.014
2838.000, 0.014
2844.000, 0.014
2850.000, 0.014
2856.000, 0.014
2862.000, 0.014
2868.000, 0.014
2874.000, 0.014
2880.000, 0.014
2886.000, 0.014
2892.000, 0.014
2898.000, 0.014
2904.000, 0.014
2910.000, 0.014
2916.000, 0.014
2922.000, 0.014
2928.000, 0.014
2934.000, 0.014
2940.000, 0.014
2946.000, 0.014
2952.000, 0.014
2958.000, 0.014
2964.000, 0.014
2970.000, 0.014
2976.000, 0.014
2982.000, 0.014
2988.000, 0.014
2994.000, 0.014
3000.000, 0.014
3006.000, 0.014
3012.000, 0.014
3018.000, 0.014
3024.000, 0.014
3030.000, 0.014
3036.000, 0.014
3042.000, 0.014
3048.000, 0.014
3054.000, 0.014
3060.000, 0.014
3066.000, 0.014
3072.000, 0.014
3078.000, 0.014
3084.000, 0.014
3090.000, 0.014
3096.000, 0.014
3102.000, 0.014
3108.000, 0.014
3114.000, 0.014
3120.000, 0.014
3126.000, 0.014
3132.000, 0.014
3138.000, 0.014
3144.000, 0.014
3150.000, 0.014
3156.000, 0.014
3162.000, 0.014
3168.000, 0.014
3174.000, 0.014
3180.000, 0.014
3186.000, 0.014
3192.000, 0.014
3198.000, 0.014
3204.000, 0.014
3210.000, 0.014
3216.000, 0.014
3222.000, 0.014
3228.000, 0.014
3234.000, 0.014
3240.000, 0.014
3246.000, 0.014
3252.000, 0.014
3258.000, 0.014
3264.000, 0.014
3270.000, 0.014
3276.000, 0.014
3282.000, 0.014
3288.000, 0.014
3294.000, 0.014
3300.000, 0.014
3306.000, 0.014
3312.000, 0.014
3318.000, 0.014
3324.000, 0.014
3330.000, 0.014
3336.000, 0.014
3342.000, 0.014
3348.000, 0.014
3354.000, 0.014
3360.000, 0.014
3366.000, 0.014
3372.000, 0.014
3378.000, 0.014
3384.000, 0.014
3390.000, 0.014
3396.000, 0.014
3402.000, 0.014
3408.000, 0.014
3414.000, 0.014
3420.000, 0.014
3426.000, 0.014
3432.000, 0.014
3438.000, 0.014
3444.000, 0.014
3450.000, 0.014
3456.000, 0.014
3462.000, 0.014
3468.000, 0.014
3474.000, 0.014
3480.000, 0.014
3486.000, 0.014
3492.000, 0.014
3498.000, 0.014
3504.000, 0.014
3510.000, 0.014
3516.000, 0.014
3522.000, 0.014
3528.000, 0.014
3534.000, 0.014
3540.000, 0.014
3546.000, 0.014
3552.000, 0.014
3558.000, 0.014
3564.000, 0.014
3570.000, 0.014
3576.000, 0.014
3582.000, 0.014
3588.000, 0.014
3594.000, 0.014
3600.000, 0.014
3606.000, 0.014
3612.000, 0.014
3618.000, 0.014
3624.000, 0.014
3630.000, 0.014
3636.000, 0.014
3642.000, 0.014
3648.000, 0.014
3654.000, 0.014
3660.000, 0.014
3666.000, 0.014
3672.000, 0.014
3678.000, 0.014
3684.000, 0.014
3690.000, 0.014
3696.000, 0.014
3702.000, 0.014
3708.000, 0.014
3714.000, 0.014
3720.000, 0.014
3726.000, 0.014
3732.000, 0.014
3738.000, 0.014
3744.000, 0.014
3750.000, 0.014
3756.000, 0.014
3762.000, 0.014
3768.000, 0.014
3774.000, 0.014
3780.000, 0.014
3786.000, 0.014
3792.000, 0.014
3798.000, 0.014
3804.000, 0.014
3810.000, 0.014
3816.000, 0.014
3822.000, 0.014
3828.000, 0.014
3834.000, 0.014
3840.000, 0.014
3846.000, 0.014
3852.000, 0.014
3858.000, 0.014
3864.000, 0.014
3870.000, 0.014
3876.000, 0.014
3882.000, 0.014
3888.000, 0.014
3894.000, 0.014
3900.000, 0.014
3906.000, 0.014
3912.000, 0.014
3918.000, 0.014
3924.000, 0.014
3930.000, 0.014
3936.000, 0.014
3942.000, 0.014
3948.000, 0.014
3954.000, 0.014
3960.000, 0.014
3966.000, 0.014
3972.000, 0.014
3978.000, 0.014
3984.000, 0.014
3990.000, 0.014
3996.000, 0.014
4002.000, 0.014
4008.000, 0.014
4014.000, 0.014
4020.000, 0.014
4026.000, 0.014
4032.000, 0.014
4038.000, 0.014
4044.000, 0.014
4050.000, 0.014
4056.000, 0.014
4062.000, 0.014
4068.000, 0.014
4074.000, 0.014
4080.000, 0.014
4086.000, 0.014
4092.000, 0.014
4098.000, 0.014
4104.000, 0.014
4110.000, 0.014
4116.000, 0.014
4122.000, 0.014
4128.000, 0.014
4134.000, 0.014
4140.000, 0.014
4146.000, 0.014
4152.000, 0.014
4158.000, 0.014
4164.000, 0.014
4170.000, 0.014
4176.000, 0.014
4182.000, 0.014
4188.000, 0.014
4194.000, 0.014
4200.000, 0.014
4206.000, 0.014
4212.000, 0.014
4218.000, 0.014
4224.000, 0.014
4230.000, 0.014
4236.000, 0.014
4242.000, 0.014
4248.000, 0.014
4254.000, 0.014
4260.000, 0.014
4266.000, 0.014
4272.000, 0.014
4278.000, 0.014
4284.000, 0.014
4290.000, 0.014
4296.000, 0.014
4302.000, 0.014
4308.000, 0.014
4314.000, 0.014
4320.000, 0.014
4326.000, 0.014
4332.000, 0.014
4338.000, 0.014
4344.000, 0.014
4350.000, 0.014
4356.000, 0.014
4362.000, 0.014
4368.000, 0.014
4374.000, 0.014
4380.000, 0.014
4386.000, 0.014
4392.000, 0.014
4398.000, 0.014
4404.000, 0.014
4410.000, 0.014
4416.000, 0.014
4422.000, 0.014
4428.000, 0.014
4434.000, 0.014
4440.000, 0.014
4446.000, 0.014
4452.000, 0.014
4458.000, 0.014
4464.000, 0.014
4470.000, 0.014
4476.000, 0.014
4482.000, 0.014
4488.000, 0.014
4494.000, 0.014
4500.000, 0.014
4506.000, 0.014
4512.000, 0.014
4518.000, 0.014
4524.000, 0.014
4530.000, 0.014
4536.000, 0.014
4542.000, 0.014
4548.000, 0.014
4554.000, 0.014
4560.000, 0.014
4566.000, 0.014
4572.000, 0.014
4578.000, 0.014
4584.000, 0.014
4590.000, 0.014
4596.000, 0.014
4602.000, 0.014
4608.000, 0.014
4614.000, 0.014
4620.000, 0.014
4626.000, 0.014
4632.000, 0.014
4638.000, 0.014
4644.000, 0.014
4650.000, 0.014
4656.000, 0.014
4662.000, 0.014
4668.000, 0.014
4674.000, 0.014
4680.000, 0.014
4686.000, 0.014
4692.000, 0.014
4698.000, 0.014
4704.000, 0.014
4710.000, 0.014
4716.000, 0.014
4722.000, 0.014
4728.000, 0.014
4734.000, 0.014
4740.000, 0.014
4746.000, 0.014
4752.000, 0.014
4758.000, 0.014
4764.000, 0.014
4770.000, 0.014
4776.000, 0.014
4782.000, 0.014
4788.000, 0.014
4794.000, 0.014
4800.000, 0.014
4806.000, 0.014
4812.000, 0.014
4818.000, 0.014
4824.000, 0.014
4830.000, 0.014
4836.000, 0.014
4842.000, 0.014
4848.000, 0.014
4854.000, 0.014
4860.000, 0.014
4866.000, 0.014
4872.000, 0.014
4878.000, 0.014
4884.000, 0.014
4890.000, 0.014
4896.000, 0.014
4902.000, 0.014
4908.000, 0.014
4914.000, 0.014
4920.000, 0.014
4926.000, 0.014
4932.000, 0.014
4938.000, 0.014
4944.000, 0.014
4950.000, 0.014
4956.000, 0.014
4962.000, 0.014
4968.000, 0.014
4974.000, 0.014
4980.000, 0.014
4986.000, 0.014
4992.000, 0.014
4998.000, 0.014
6.000, 6.014
12.000, 6.014
18.000, 6.014
24.000, 6.005
30.000, 5.986
36.000, 5.963
42.000, 5.940
48.000, 5.907
54.000, 5.875
60.000, 5.843
66.000, 5.806
72.000, 5.769
78.000, 5.731
84.000, 5.694
90.000, 5.657
96.000, 5.620
102.000, 5.579
108.000, 5.542
114.000, 5.500
120.000, 5.463
126.000, 5.421
132.000, 5.384
138.000, 5.343
144.000, 5.301
150.000, 5.264
156.000, 5.222
162.000, 5.185
168.000, 5.144
174.000, 5.106
180.000, 5.065
186.000, 5.023
192.000, 4.986
198.000, 4.944
204.000, 4.903
210.000, 4.866
216.000, 4.824
222.000, 4.782
228.000, 4.745
234.000, 4.704
240.000, 4.662
246.000, 4.625
252.000, 4.588
258.000, 4.546
264.000, 4.505
270.000, 4.468
276.000, 4.426
282.000, 4.384
288.000, 4.347
294.000, 4.306
300.000, 4.264
306.000, 4.227
312.000, 4.185
318.000, 4.144
324.000, 4.106
330.000, 4.065
336.000, 4.023
342.000, 3.986
348.000, 3.944
354.000, 3.903
360.000, 3.866
366.000, 3.824
372.000, 3.782
378.000, 3.745
384.000, 3.704
390.000, 3.662
396.000, 3.625
402.000, 3.583
408.000, 3.542
414.000, 3.505
420.000, 3.463
426.000, 3.421
432.000, 3.384
438.000, 3.347
444.000, 3.306
450.000, 3.264
456.000, 3.227
462.000, 3.185
468.000, 3.148
474.000, 3.106
480.000, 3.069
486.000, 3.032
492.000, 2.991
498.000, 2.954
504.000, 2.912
510.000, 2.875
516.000, 2.838
522.000, 2.801
528.000, 2.764
534.000, 2.722
540.000, 2.685
546.000, 2.648
552.000, 2.611
558.000, 2.569
564.000, 2.532
570.000, 2.495
576.000, 2.458
582.000, 2.421
588.000, 2.384
594.000, 2.347
600.000, 2.315
606.000, 2.278
612.000, 2.241
618.000, 2.208
624.000, 2.171
630.000, 2.134
636.000, 2.097
642.000, 2.065
648.000, 2.032
654.000, 1.995
660.000, 1.963
666.000, 1.931
672.000, 1.894
678.000, 1.866
684.000, 1.829
690.000, 1.801
696.000, 1.769
702.000, 1.736
708.000, 1.708
714.000, 1.676
720.000, 1.644
726.000, 1.616
732.000, 1.588
738.000, 1.556
744.000, 1.528
750.000, 1.500
756.000, 1.468
762.000, 1.440
768.000, 1.412
774.000, 1.389
780.000, 1.361
786.000, 1.338
792.000, 1.310
798.000, 1.282
804.000, 1.259
810.000, 1.236
816.000, 1.208
822.000, 1.185
828.000, 1.162
834.000, 1.139
840.000, 1.116
846.000, 1.097
852.000, 1.074
858.000, 1.051
864.000, 1.032
870.000, 1.009
876.000, 0.991
882.000, 0.972
888.000, 0.949
894.000, 0.931
900.000, 0.912
906.000, 0.894
912.000, 0.880
918.000, 0.861
924.000, 0.843
930.000, 0.829
936.000, 0.810
942.000, 0.796
948.000, 0.778
954.000, 0.764
960.000, 0.750
966.000, 0.736
972.000, 0.722
978.000, 0.708
984.000, 0.699
990.000, 0.681
996.000, 0.671
1002.000, 0.657
1008.000, 0.648
1014.000, 0.634
1020.000, 0.625
1026.000, 0.616
1032.000, 0.606
1038.000, 0.597
1044.000, 0.588
1050.000, 0.579
1056.000, 0.569
1062.000, 0.560
1068.000, 0.551
1074.000, 0.542
1080.000, 0.532
1086.000, 0.528
1092.000, 0.519
1098.000, 0.514
1104.000, 0.505
1110.000, 0.495
1116.000, 0.486
1122.000, 0.477
1128.000, 0.472
1134.000, 0.463
1140.000, 0.458
1146.000, 0.449
1152.000, 0.444
1158.000, 0.440
1164.000, 0.435
1170.000, 0.431
1176.000, 0.421
1182.000, 0.417
1188.000, 0.412
1194.000, 0.412
1200.000, 0.403
1206.000, 0.398
1212.000, 0.394
1218.000, 0.389
1224.000, 0.384
1230.000, 0.375
1236.000, 0.375
1242.000, 0.366
1248.000, 0.361
1254.000, 0.356
1260.000, 0.347
1266.000, 0.347
1272.000, 0.338
1278.000, 0.333
1284.000, 0.329
1290.000, 0.324
1296.000, 0.319
1302.000, 0.315
1308.000, 0.310
1314.000, 0.310
1320.000, 0.306
1326.000, 0.301
1332.000, 0.296
1338.000, 0.292
1344.000, 0.292
1350.000, 0.292
1356.000, 0.287
1362.000, 0.282
1368.000, 0.282
1374.000, 0.278
1380.000, 0.273
1386.000, 0.273
1392.000, 0.273
1398.000, 0.269
1404.000, 0.264
1410.000, 0.264
1416.000, 0.264
1422.000, 0.264
1428.000, 0.264
1434.000, 0.259
1440.000, 0.255
1446.000, 0.255
1452.000, 0.255
1458.000, 0.255
1464.000, 0.255
1470.000, 0.250
1476.000, 0.250
1482.000, 0.245
1488.000, 0.245
1494.000, 0.245
1500.000, 0.241
1506.000, 0.236
1512.000, 0.236
1518.000, 0.236
1524.000, 0.231
1530.000, 0.231
1536.000, 0.227
1542.000, 0.227
1548.000, 0.227
1554.000, 0.227
1560.000, 0.227
1566.000, 0.227
1572.000, 0.227
1578.000, 0.227
1584.000, 0.227
1590.000, 0.227
1596.000, 0.222
1602.000, 0.222
1608.000, 0.222
1614.000, 0.222
1620.000, 0.222
1626.000, 0.222
1632.000, 0.222
1638.000, 0.218
1644.000, 0.218
1650.000, 0.218
1656.000, 0.218
1662.000, 0.218
1668.000, 0.218
1674.000, 0.218
1680.000, 0.218
1686.000, 0.218
1692.000, 0.218
1698.000, 0.218
1704.000, 0.218
1710.000, 0.218
1716.000, 0.218
1722.000, 0.218
1728.000, 0.218
1734.000, 0.218
1740.000, 0.218
1746.000, 0.218
1752.000, 0.218
1758.000, 0.218
1764.000, 0.218
1770.000, 0.218
1776.000, 0.218
1782.000, 0.218
1788.000, 0.218
1794.000, 0.218
1800.000, 0.218
1806.000, 0.218
1812.000, 0.218
1818.000, 0.218
1824.000, 0.218
1830.000, 0.218
1836.000, 0.218
1842.000, 0.218
1848.000, 0.218
1854.000, 0.218
1860.000, 0.218
1866.000, 0.218
1872.000, 0.218
1878.000, 0.218
1884.000, 0.218
1890.000, 0.218
1896.000, 0.218
1902.000, 0.218
1908.000, 0.218
1914.000, 0.218
1920.000, 0.218
1926.000, 0.218
1932.000, 0.218
1938.000, 0.218
1944.000, 0.218
1950.000, 0.218
1956.000, 0.218
1962.000, 0.218
1968.000, 0.218
1974.000, 0.218
1980.000, 0.218
1986.000, 0.218
1992.000, 0.218
1998.000, 0.218
2004.000, 0.218
2010.000, 0.218
2016.000, 0.218
2022.000, 0.218
2028.000, 0.218
2034.000, 0.218
2040.000, 0.218
2046.000, 0.218
2052.000, 0.218
2058.000, 0.218
2064.000, 0.218
2070.000, 0.218
2076.000, 0.218
2082.000, 0.218
2088.000, 0.218
2094.000, 0.218
2100.000, 0.218
2106.000, 0.218
2112.000, 0.218
2118.000, 0.218
2124.000, 0.218
2130.000, 0.218
2136.000, 0.218
2142.000, 0.218
2148.000, 0.218
2154.000, 0.218
2160.000, 0.218
2166.000, 0.218
2172.000, 0.218
2178.000, 0.218
2184.000, 0.218
2190.000, 0.218
2196.000, 0.218
2202.000, 0.218
2208.000, 0.218
2214.000, 0.218
2220.000, 0.218
2226.000, 0.218
2232.000, 0.218
2238.000, 0.218
2244.000, 0.218
2250.000, 0.218
2256.000, 0.218
2262.000, 0.218
2268.000, 0.218
2274.000, 0.218
2280.000, 0.218
2286.000, 0.218
2292.000, 0.213
2298.000, 0.213
2304.000, 0.213
2310.000, 0.213
2316.000, 0.213
2322.000, 0.208
2328.000, 0.208
2334.000, 0.208
2340.000, 0.208
2346.000, 0.208
2352.000, 0.208
2358.000, 0.208
2364.000, 0.208
2370.000, 0.208
2376.000, 0.208
2382.000, 0.208
2388.000, 0.208
2394.000, 0.208
2400.000, 0.208
2406.000, 0.208
2412.000, 0.204
2418.000, 0.204
2424.000, 0.204
2430.000, 0.199
2436.000, 0.199
2442.000, 0.199
2448.000, 0.199
2454.000, 0.199
2460.000, 0.199
2466.000, 0.199
2472.000, 0.199
2478.000, 0.199
2484.000, 0.199
2490.000, 0.199
2496.000, 0.199
2502.000, 0.199
2508.000, 0.199
2514.000, 0.199
2520.000, 0.199
2526.000, 0.199
2532.000, 0.199
2538.000, 0.199
2544.000, 0.199
2550.000, 0.199
2556.000, 0.199
2562.000, 0.199
2568.000, 0.199
2574.000, 0.199
2580.000, 0.199
2586.000, 0.199
2592.000, 0.199
2598.000, 0.199
2604.000, 0.199
2610.000, 0.199
2616.000, 0.199
2622.000, 0.199
2628.000, 0.199
2634.000, 0.199
2640.000, 0.199
2646.000, 0.199
2652.000, 0.199
2658.000, 0.199
2664.000, 0.199
2670.000, 0.199
2676.000, 0.199
2682.000, 0.199
2688.000, 0.199
2694.000, 0.199
2700.000, 0.199
2706.000, 0.199
2712.000, 0.199
2718.000, 0.199
2724.000, 0.199
2730.000, 0.199
2736.000, 0.199
2742.000, 0.199
2748.000, 0.199
2754.000, 0.199
2760.000, 0.199
2766.000, 0.199
2772.000, 0.199
2778.000, 0.199
2784.000, 0.199
2790.000, 0.199
2796.000, 0.199
2802.000, 0.199
2808.000, 0.199
2814.000, 0.199
2820.000, 0.199
2826.000, 0.199
2832.000, 0.199
2838.000, 0.199
2844.000, 0.199
2850.000, 0.199
2856.000, 0.199
2862.000, 0.199
2868.000, 0.199
2874.000, 0.199
2880.000, 0.199
2886.000, 0.199
2892.000, 0.199
2898.000, 0.199
2904.000, 0.199
2910.000, 0.199
2916.000, 0.199
2922.000, 0.199
2928.000, 0.199
2934.000, 0.199
2940.000, 0.199
2946.000, 0.199
2952.000, 0.199
2958.000, 0.199
2964.000, 0.199
2970.000, 0.199
2976.000, 0.199
2982.000, 0.199
2988.000, 0.199
2994.000, 0.199
3000.000, 0.199
3006.000, 0.199
3012.000, 0.199
3018.000, 0.199
3024.000, 0.199
3030.000, 0.199
3036.000, 0.199
3042.000, 0.199
3048.000, 0.199
3054.000, 0.199
3060.000, 0.199
3066.000, 0.199
3072.000, 0.199
3078.000, 0.199
3084.000, 0.199
3090.000, 0.199
3096.000, 0.199
3102.000, 0.199
3108.000, 0.199
3114.000, 0.199
3120.000, 0.199
3126.000, 0.199
3132.000, 0.199
3138.000, 0.199
3144.000, 0.199
3150.000, 0.199
3156.000, 0.199
3162.000, 0.199
3168.000, 0.199
3174.000, 0.199
3180.000, 0.199
3186.000, 0.199
3192.000, 0.199
3198.000, 0.199
3204.000, 0.199
3210.000, 0.199
3216.000, 0.199
3222.000, 0.199
3228.000, 0.199
3234.000, 0.199
3240.000, 0.199
3246.000, 0.199
3252.000, 0.199
3258.000, 0.199
3264.000, 0.199
3270.000, 0.199
3276.000, 0.199
3282.000, 0.199
3288.000, 0.199
3294.000, 0.199
3300.000, 0.199
3306.000, 0.199
3312.000, 0.199
3318.000, 0.199
3324.000, 0.199
3330.000, 0.199
3336.000, 0.199
3342.000, 0.199
3348.000, 0.199
3354.000, 0.199
3360.000, 0.199
3366.000, 0.199
3372.000, 0.199
3378.000, 0.199
3384.000, 0.199
3390.000, 0.199
3396.000, 0.199
3402.000, 0.199
3408.000, 0.199
3414.000, 0.199
3420.000, 0.199
3426.000, 0.199
3432.000, 0.199
3438.000, 0.199
3444.000, 0.199
3450.000, 0.199
3456.000, 0.199
3462.000, 0.199
3468.000, 0.199
3474.000, 0.199
3480.000, 0.199
3486.000, 0.199
3492.000, 0.199
3498.000, 0.199
3504.000, 0.199
3510.000, 0.199
3516.000, 0.199
3522.000, 0.199
3528.000, 0.199
3534.000, 0.199
3540.000, 0.199
3546.000, 0.199
3552.000, 0.199
3558.000, 0.199
3564.000, 0.199
3570.000, 0.199
3576.000, 0.199
3582.000, 0.199
3588.000, 0.199
3594.000, 0.199
3600.000, 0.199
3606.000, 0.199
3612.000, 0.199
3618.000, 0.199
3624.000, 0.199
3630.000, 0.199
3636.000, 0.199
3642.000, 0.199
3648.000, 0.199
3654.000, 0.199
3660.000, 0.199
3666.000, 0.199
3672.000, 0.199
3678.000, 0.199
3684.000, 0.199
3690.000, 0.199
3696.000, 0.199
3702.000, 0.199
3708.000, 0.199
3714.000, 0.199
3720.000, 0.199
3726.000, 0.199
3732.000, 0.199
3738.000, 0.199
3744.000, 0.199
3750.000, 0.199
3756.000, 0.199
3762.000, 0.199
3768.000, 0.199
3774.000, 0.199
3780.000, 0.199
3786.000, 0.199
3792.000, 0.199
3798.000, 0.199
3804.000, 0.199
3810.000, 0.199
3816.000, 0.199
3822.000, 0.199
3828.000, 0.199
3834.000, 0.199
3840.000, 0.199
3846.000, 0.199
3852.000, 0.199
3858.000, 0.199
3864.000, 0.199
3870.000, 0.199
3876.000, 0.199
3882.000, 0.199
3888.000, 0.199
3894.000, 0.199
3900.000, 0.199
3906.000, 0.199
3912.000, 0.199
3918.000, 0.199
3924.000, 0.199
3930.000, 0.199
3936.000, 0.199
3942.000, 0.199
3948.000, 0.199
3954.000, 0.199
3960.000, 0.199
3966.000, 0.199
3972.000, 0.199
3978.000, 0.199
3984.000, 0.199
3990.000, 0.199
3996.000, 0.199
4002.000, 0.199
4008.000, 0.199
4014.000, 0.199
4020.000, 0.199
4026.000, 0.199
4032.000, 0.199
4038.000, 0.199
4044.000, 0.199
4050.000, 0.199
4056.000, 0.199
4062.000, 0.199
4068.000, 0.199
4074.000, 0.199
4080.000, 0.199
4086.000, 0.199
4092.000, 0.199
4098.000, 0.199
4104.000, 0.199
4110.000, 0.199
4116.000, 0.199
4122.000, 0.199
4128.000, 0.199
4134.000, 0.199
4140.000, 0.199
4146.000, 0.199
4152.000, 0.199
4158.000, 0.199
4164.000, 0.199
4170.000, 0.199
4176.000, 0.199
4182.000, 0.199
4188.000, 0.199
4194.000, 0.199
4200.000, 0.199
4206.000, 0.199
4212.000, 0.199
4218.000, 0.199
4224.000, 0.199
4230.000, 0.199
4236.000, 0.199
4242.000, 0.199
4248.000, 0.199
4254.000, 0.199
4260.000, 0.199
4266.000, 0.199
4272.000, 0.199
4278.000, 0.199
4284.000, 0.199
4290.000, 0.199
4296.000, 0.199
4302.000, 0.199
4308.000, 0.199
4314.000, 0.199
4320.000, 0.199
4326.000, 0.199
4332.000, 0.199
4338.000, 0.199
4344.000, 0.199
4350.000, 0.199
4356.000, 0.199
4362.000, 0.199
4368.000, 0.199
4374.000, 0.199
4380.000, 0.199
4386.000, 0.199
4392.000, 0.199
4398.000, 0.199
4404.000, 0.199
4410.000, 0.199
4416.000, 0.199
4422.000, 0.199
4428.000, 0.199
4434.000, 0.199
4440.000, 0.199
4446.000, 0.199
4452.000, 0.199
4458.000, 0.199
4464.000, 0.199
4470.000, 0.199
4476.000, 0.199
4482.000, 0.199
4488.000, 0.199
4494.000, 0.199
4500.000, 0.199
4506.000, 0.199
4512.000, 0.199
4518.000, 0.199
4524.000, 0.199
4530.000, 0.199
4536.000, 0.199
4542.000, 0.199
4548.000, 0.199
4554.000, 0.199
4560.000, 0.199
4566.000, 0.199
4572.000, 0.199
4578.000, 0.199
4584.000, 0.199
4590.000, 0.199
4596.000, 0.199
4602.000, 0.199
4608.000, 0.199
4614.000, 0.199
4620.000, 0.199
4626.000, 0.199
4632.000, 0.199
4638.000, 0.199
4644.000, 0.199
4650.000, 0.199
4656.000, 0.199
4662.000, 0.199
4668.000, 0.199
4674.000, 0.199
4680.000, 0.199
4686.000, 0.199
4692.000, 0.199
4698.000, 0.199
4704.000, 0.199
4710.000, 0.199
4716.000, 0.199
4722.000, 0.199
4728.000, 0.199
4734.000, 0.199
4740.000, 0.199
4746.000, 0.199
4752.000, 0.199
4758.000, 0.199
4764.000, 0.199
4770.000, 0.199
4776.000, 0.199
4782.000, 0.199
4788.000, 0.199
4794.000, 0.199
4800.000, 0.199
4806.000, 0.199
4812.000, 0.199
4818.000, 0.199
4824.000, 0.199
4830.000, 0.199
4836.000, 0.199
4842.000, 0.199
4848.000, 0.199
4854.000, 0.199
4860.000, 0.199
4866.000, 0.199
4872.000, 0.199
4878.000, 0.199
4884.000, 0.199
4890.000, 0.199
4896.000, 0.199
4902.000, 0.199
4908.000, 0.199
4914.000, 0.199
4920.000, 0.199
4926.000, 0.199
4932.000, 0.199
4938.000, 0.199
4944.000, 0.199
4950.000, 0.199
4956.000, 0.199
4962.000, 0.199
4968.000, 0.199
4974.000, 0.199
4980.000, 0.199
4986.000, 0.199
4992.000, 0.199
4998.000, 0.199
6.000, 2.199
12.000, 2.199
18.000, 2.199
24.000, 2.190
30.000, 2.176
36.000, 2.153
42.000, 2.125
48.000, 2.097
54.000, 2.069
60.000, 2.042
66.000, 2.009
72.000, 1.977
78.000, 1.944
84.000, 1.912
90.000, 1.884
96.000, 1.852
102.000, 1.819
108.000, 1.787
114.000, 1.755
120.000, 1.722
126.000, 1.690
132.000, 1.662
138.000, 1.630
144.000, 1.597
150.000, 1.569
156.000, 1.537
162.000, 1.505
168.000, 1.477
174.000, 1.449
180.000, 1.421
186.000, 1.389
192.000, 1.361
198.000, 1.333
204.000, 1.306
210.000, 1.278
216.000, 1.255
222.000, 1.227
228.000, 1.199
234.000, 1.176
240.000, 1.153
246.000, 1.125
252.000, 1.102
258.000, 1.079
264.000, 1.056
270.000, 1.032
276.000, 1.014
282.000, 0.991
288.000, 0.968
294.000, 0.949
300.000, 0.931
306.000, 0.907
312.000, 0.889
318.000, 0.870
324.000, 0.852
330.000, 0.833
336.000, 0.819
342.000, 0.801
348.000, 0.782
354.000, 0.764
360.000, 0.745
366.000, 0.731
372.000, 0.718
378.000, 0.699
384.000, 0.685
390.000, 0.671
396.000, 0.657
402.000, 0.644
408.000, 0.630
414.000, 0.616
420.000, 0.602
426.000, 0.593
432.000, 0.579
438.000, 0.565
444.000, 0.556
450.000, 0.542
456.000, 0.532
462.000, 0.519
468.000, 0.509
474.000, 0.495
480.000, 0.486
486.000, 0.477
492.000, 0.468
498.000, 0.458
504.000, 0.449
510.000, 0.440
516.000, 0.435
522.000, 0.426
528.000, 0.417
534.000, 0.412
540.000, 0.403
546.000, 0.394
552.000, 0.384
558.000, 0.375
564.000, 0.370
570.000, 0.366
576.000, 0.356
582.000, 0.347
588.000, 0.343
594.000, 0.338
600.000, 0.333
606.000, 0.329
612.000, 0.324
618.000, 0.319
624.000, 0.310
630.000, 0.310
636.000, 0.301
642.000, 0.301
648.000, 0.296
654.000, 0.292
660.000, 0.287
666.000, 0.282
672.000, 0.278
678.000, 0.273
684.000, 0.269
690.000, 0.264
696.000, 0.259
702.000, 0.255
708.000, 0.255
714.000, 0.250
720.000, 0.245
726.000, 0.245
732.000, 0.241
738.000, 0.236
744.000, 0.236
750.000, 0.231
756.000, 0.227
762.000, 0.222
768.000, 0.218
774.000, 0.218
780.000, 0.213
786.000, 0.208
792.000, 0.208
798.000, 0.204
804.000, 0.199
810.000, 0.199
816.000, 0.199
822.000, 0.194
828.000, 0.190
834.000, 0.190
840.000, 0.190
846.000, 0.190
852.000, 0.185
858.000, 0.181
864.000, 0.181
870.000, 0.176
876.000, 0.176
882.000, 0.171
888.000, 0.167
894.000, 0.167
900.000, 0.162
906.000, 0.162
912.000, 0.157
918.000, 0.153
924.000, 0.153
930.000, 0.153
936.000, 0.148
942.000, 0.144
948.000, 0.144
954.000, 0.144
960.000, 0.144
966.000, 0.139
972.000, 0.134
978.000, 0.134
984.000, 0.134
990.000, 0.134
996.000, 0.134
1002.000, 0.134
1008.000, 0.130
1014.000, 0.130
1020.000, 0.130
1026.000, 0.130
1032.000, 0.130
1038.000, 0.125
1044.000, 0.125
1050.000, 0.125
1056.000, 0.125
1062.000, 0.125
1068.000, 0.125
1074.000, 0.125
1080.000, 0.125
1086.000, 0.125
1092.000, 0.125
1098.000, 0.125
1104.000, 0.125
1110.000, 0.125
1116.000, 0.125
1122.000, 0.125
1128.000, 0.125
1134.000, 0.125
1140.000, 0.125
1146.000, 0.125
1152.000, 0.125
1158.000, 0.125
1164.000, 0.125
1170.000, 0.125
1176.000, 0.125
1182.000, 0.120
1188.000, 0.120
1194.000, 0.116
1200.000, 0.116
1206.000, 0.116
1212.000, 0.116
1218.000, 0.116
1224.000, 0.116
1230.000, 0.116
1236.000, 0.116
1242.000, 0.116
1248.000, 0.116
1254.000, 0.111
1260.000, 0.111
1266.000, 0.111
1272.000, 0.111
1278.000, 0.111
1284.000, 0.111
1290.000, 0.106
1296.000, 0.106
1302.000, 0.106
1308.000, 0.106
1314.000, 0.106
1320.000, 0.106
1326.000, 0.106
1332.000, 0.106
1338.000, 0.106
1344.000, 0.106
1350.000, 0.106
1356.000, 0.106
1362.000, 0.106
1368.000, 0.106
1374.000, 0.106
1380.000, 0.106
1386.000, 0.106
1392.000, 0.106
1398.000, 0.106
1404.000, 0.106
1410.000, 0.106
1416.000, 0.106
1422.000, 0.106
1428.000, 0.106
1434.000, 0.106
1440.000, 0.106
1446.000, 0.106
1452.000, 0.106
1458.000, 0.106
1464.000, 0.106
1470.000, 0.106
1476.000, 0.106
1482.000, 0.106
1488.000, 0.106
1494.000, 0.106
1500.000, 0.106
1506.000, 0.106
1512.000, 0.106
1518.000, 0.106
1524.000, 0.106
1530.000, 0.106
1536.000, 0.106
1542.000, 0.106
1548.000, 0.106
1554.000, 0.106
1560.000, 0.106
1566.000, 0.106
1572.000, 0.106
1578.000, 0.106
1584.000, 0.106
1590.000, 0.106
1596.000, 0.106
1602.000, 0.106
1608.000, 0.106
1614.000, 0.106
1620.000, 0.106
1626.000, 0.106
1632.000, 0.106
1638.000, 0.106
1644.000, 0.106
1650.000, 0.106
1656.000, 0.106
1662.000, 0.106
1668.000, 0.106
1674.000, 0.106
1680.000, 0.106
1686.000, 0.106
1692.000, 0.106
1698.000, 0.106
1704.000, 0.106
1710.000, 0.106
1716.000, 0.106
1722.000, 0.106
1728.000, 0.106
1734.000, 0.106
1740.000, 0.106
1746.000, 0.106
1752.000, 0.106
1758.000, 0.106
1764.000, 0.106
1770.000, 0.106
1776.000, 0.106
1782.000, 0.106
1788.000, 0.106
1794.000, 0.106
1800.000, 0.106
1806.000, 0.106
1812.000, 0.106
1818.000, 0.106
1824.000, 0.106
1830.000, 0.106
1836.000, 0.106
1842.000, 0.106
1848.000, 0.106
1854.000, 0.106
1860.000, 0.106
1866.000, 0.106
1872.000, 0.106
1878.000, 0.106
1884.000, 0.106
1890.000, 0.106
1896.000, 0.106
1902.000, 0.106
1908.000, 0.106
1914.000, 0.106
1920.000, 0.106
1926.000, 0.106
1932.000, 0.106
1938.000, 0.106
1944.000, 0.106
1950.000, 0.106
1956.000, 0.106
1962.000, 0.106
1968.000, 0.106
1974.000, 0.106
1980.000, 0.106
1986.000, 0.106
1992.000, 0.106
1998.000, 0.106
2004.000, 0.106
2010.000, 0.106
2016.000, 0.106
2022.000, 0.106
2028.000, 0.106
2034.000, 0.106
2040.000, 0.106
2046.000, 0.106
2052.000, 0.106
2058.000, 0.106
2064.000, 0.106
2070.000, 0.106
2076.000, 0.106
2082.000, 0.106
2088.000, 0.106
2094.000, 0.106
2100.000, 0.106
2106.000, 0.106
2112.000, 0.106
2118.000, 0.106
2124.000, 0.106
2130.000, 0.106
2136.000, 0.106
2142.000, 0.106
2148.000, 0.106
2154.000, 0.106
2160.000, 0.106
2166.000, 0.106
2172.000, 0.106
2178.000, 0.106
2184.000, 0.106
2190.000, 0.106
2196.000, 0.106
2202.000, 0.106
2208.000, 0.106
2214.000, 0.106
2220.000, 0.106
2226.000, 0.106
2232.000, 0.106
2238.000, 0.106
2244.000, 0.106
2250.000, 0.106
2256.000, 0.106
2262.000, 0.106
2268.000, 0.106
2274.000, 0.106
2280.000, 0.106
2286.000, 0.106
2292.000, 0.106
2298.000, 0.106
2304.000, 0.106
2310.000, 0.106
2316.000, 0.106
2322.000, 0.106
2328.000, 0.106
2334.000, 0.106
2340.000, 0.106
2346.000, 0.106
2352.000, 0.106
2358.000, 0.106
2364.000, 0.106
2370.000, 0.106
2376.000, 0.106
2382.000, 0.106
2388.000, 0.106
2394.000, 0.106
2400.000, 0.106
2406.000, 0.106
2412.000, 0.106
2418.000, 0.106
2424.000, 0.106
2430.000, 0.106
2436.000, 0.106
2442.000, 0.106
2448.000, 0.106
2454.000, 0.106
2460.000, 0.106
2466.000, 0.106
2472.000, 0.106
2478.000, 0.106
2484.000, 0.106
2490.000, 0.106
2496.000, 0.106
2502.000, 0.106
2508.000, 0.106
2514.000, 0.106
2520.000, 0.106
2526.000, 0.106
2532.000, 0.106
2538.000, 0.106
2544.000, 0.106
2550.000, 0.106
2556.000, 0.106
2562.000, 0.106
2568.000, 0.106
2574.000, 0.106
2580.000, 0.106
2586.000, 0.106
2592.000, 0.106
2598.000, 0.106
2604.000, 0.106
2610.000, 0.106
2616.000, 0.106
2622.000, 0.106
2628.000, 0.106
2634.000, 0.106
2640.000, 0.106
2646.000, 0.106
2652.000, 0.106
2658.000, 0.106
2664.000, 0.106
2670.000, 0.106
2676.000, 0.106
2682.000, 0.106
2688.000, 0.106
2694.000, 0.106
2700.000, 0.106
2706.000, 0.106
2712.000, 0.106
2718.000, 0.106
2724.000, 0.106
2730.000, 0.106
2736.000, 0.106
2742.000, 0.106
2748.000, 0.106
2754.000, 0.106
2760.000, 0.106
2766.000, 0.106
2772.000, 0.106
2778.000, 0.106
2784.000, 0.106
2790.000, 0.106
2796.000, 0.106
2802.000, 0.106
2808.000, 0.106
2814.000, 0.106
2820.000, 0.106
2826.000, 0.106
2832.000, 0.106
2838.000, 0.106
2844.000, 0.106
2850.000, 0.106
2856.000, 0.106
2862.000, 0.106
2868.000, 0.106
2874.000, 0.106
2880.000, 0.106
2886.000, 0.106
2892.000, 0.106
2898.000, 0.106
2904.000, 0.106
2910.000, 0.106
2916.000, 0.106
2922.000, 0.106
2928.000, 0.106
2934.000, 0.106
2940.000, 0.106
2946.000, 0.106
2952.000, 0.106
2958.000, 0.106
2964.000, 0.106
2970.000, 0.106
2976.000, 0.106
2982.000, 0.106
2988.000, 0.106
2994.000, 0.106
3000.000, 0.106
3006.000, 0.106
3012.000, 0.106
3018.000, 0.106
3024.000, 0.106
3030.000, 0.106
3036.000, 0.106
3042.000, 0.106
3048.000, 0.106
3054.000, 0.106
3060.000, 0.106
3066.000, 0.106
3072.000, 0.106
3078.000, 0.106
3084.000, 0.106
3090.000, 0.106
3096.000, 0.106
3102.000, 0.106
3108.000, 0.106
3114.000, 0.106
3120.000, 0.106
3126.000, 0.106
3132.000, 0.106
3138.000, 0.106
3144.000, 0.106
3150.000, 0.106
3156.000, 0.106
3162.000, 0.106
3168.000, 0.106
3174.000, 0.106
3180.000, 0.106
3186.000, 0.106
3192.000, 0.106
3198.000, 0.106
3204.000, 0.106
3210.000, 0.106
3216.000, 0.106
3222.000, 0.106
3228.000, 0.106
3234.000, 0.106
3240.000, 0.106
3246.000, 0.106
3252.000, 0.106
3258.000, 0.106
3264.000, 0.106
3270.000, 0.106
3276.000, 0.106
3282.000, 0.106
3288.000, 0.106
3294.000, 0.106
3300.000, 0.106
3306.000, 0.106
3312.000, 0.106
3318.000, 0.106
3324.000, 0.106
3330.000, 0.106
3336.000, 0.106
3342.000, 0.106
3348.000, 0.106
3354.000, 0.106
3360.000, 0.106
3366.000, 0.106
3372.000, 0.106
3378.000, 0.106
3384.000, 0.106
3390.000, 0.106
3396.000, 0.106
3402.000, 0.106
3408.000, 0.106
3414.000, 0.106
3420.000, 0.106
3426.000, 0.106
3432.000, 0.106
3438.000, 0.106
3444.000, 0.106
3450.000, 0.106
3456.000, 0.106
3462.000, 0.106
3468.000, 0.106
3474.000, 0.106
3480.000, 0.106
3486.000, 0.106
3492.000, 0.106
3498.000, 0.106
3504.000, 0.106
3510.000, 0.106
3516.000, 0.106
3522.000, 0.106
3528.000, 0.106
3534.000, 0.106
3540.000, 0.106
3546.000, 0.106
3552.000, 0.106
3558.000, 0.106
3564.000, 0.106
3570.000, 0.106
3576.000, 0.106
3582.000, 0.106
3588.000, 0.106
3594.000, 0.106
3600.000, 0.106
3606.000, 0.106
3612.000, 0.106
3618.000, 0.106
3624.000, 0.106
3630.000, 0.106
3636.000, 0.106
3642.000, 0.106
3648.000, 0.106
3654.000, 0.106
3660.000, 0.106
3666.000, 0.106
3672.000, 0.106
3678.000, 0.106
3684.000, 0.106
3690.000, 0.106
3696.000, 0.106
3702.000, 0.106
3708.000, 0.106
3714.000, 0.106
3720.000, 0.106
3726.000, 0.106
3732.000, 0.106
3738.000, 0.106
3744.000, 0.106
3750.000, 0.106
3756.000, 0.106
3762.000, 0.106
3768.000, 0.106
3774.000, 0.106
3780.000, 0.106
3786.000, 0.106
3792.000, 0.106
3798.000, 0.106
3804.000, 0.106
3810.000, 0.106
3816.000, 0.106
3822.000, 0.106
3828.000, 0.106
3834.000, 0.106
3840.000, 0.106
3846.000, 0.106
3852.000, 0.106
3858.000, 0.106
3864.000, 0.106
3870.000, 0.106
3876.000, 0.106
3882.000, 0.106
3888.000, 0.106
3894.000, 0.106
3900.000, 0.106
3906.000, 0.106
3912.000, 0.106
3918.000, 0.106
3924.000, 0.106
3930.000, 0.106
3936.000, 0.106
3942.000, 0.106
3948.000, 0.106
3954.000, 0.106
3960.000, 0.106
3966.000, 0.106
3972.000, 0.106
3978.000, 0.106
3984.000, 0.106
3990.000, 0.106
3996.000, 0.106
4002.000, 0.106
4008.000, 0.106
4014.000, 0.106
4020.000, 0.106
4026.000, 0.106
4032.000, 0.106
4038.000, 0.106
4044.000, 0.106
4050.000, 0.106
4056.000, 0.106
4062.000, 0.106
4068.000, 0.106
4074.000, 0.106
4080.000, 0.106
4086.000, 0.106
4092.000, 0.106
4098.000, 0.106
4104.000, 0.106
4110.000, 0.106
4116.000, 0.106
4122.000, 0.106
4128.000, 0.106
4134.000, 0.106
4140.000, 0.106
4146.000, 0.106
4152.000, 0.106
4158.000, 0.106
4164.000, 0.106
4170.000, 0.106
4176.000, 0.106
4182.000, 0.106
4188.000, 0.106
4194.000, 0.106
4200.000, 0.106
4206.000, 0.106
4212.000, 0.106
4218.000, 0.106
4224.000, 0.106
4230.000, 0.106
4236.000, 0.106
4242.000, 0.106
4248.000, 0.106
4254.000, 0.106
4260.000, 0.106
4266.000, 0.106
4272.000, 0.106
4278.000, 0.106
4284.000, 0.106
4290.000, 0.106
4296.000, 0.106
4302.000, 0.106
4308.000, 0.106
4314.000, 0.106
4320.000, 0.106
4326.000, 0.106
4332.000, 0.106
4338.000, 0.106
4344.000, 0.106
4350.000, 0.106
4356.000, 0.106
4362.000, 0.106
4368.000, 0.106
4374.000, 0.106
4380.000, 0.106
4386.000, 0.106
4392.000, 0.106
4398.000, 0.106
4404.000, 0.106
4410.000, 0.106
4416.000, 0.106
4422.000, 0.106
4428.000, 0.106
4434.000, 0.106
4440.000, 0.106
4446.000, 0.106
4452.000, 0.106
4458.000, 0.106
4464.000, 0.106
4470.000, 0.106
4476.000, 0.106
4482.000, 0.106
4488.000, 0.106
4494.000, 0.106
4500.000, 0.106
4506.000, 0.106
4512.000, 0.106
4518.000, 0.106
4524.000, 0.106
4530.000, 0.106
4536.000, 0.106
4542.000, 0.106
4548.000, 0.106
4554.000, 0.106
4560.000, 0.106
4566.000, 0.106
4572.000, 0.106
4578.000, 0.106
4584.000, 0.106
4590.000, 0.106
4596.000, 0.106
4602.000, 0.106
4608.000, 0.106
4614.000, 0.106
4620.000, 0.102
4626.000, 0.102
4632.000, 0.102
4638.000, 0.097
4644.000, 0.097
4650.000, 0.097
4656.000, 0.097
4662.000, 0.097
4668.000, 0.097
4674.000, 0.097
4680.000, 0.097
4686.000, 0.093
4692.000, 0.093
4698.000, 0.088
4704.000, 0.088
4710.000, 0.088
4716.000, 0.088
4722.000, 0.088
4728.000, 0.088
4734.000, 0.088
4740.000, 0.088
4746.000, 0.088
4752.000, 0.088
4758.000, 0.088
4764.000, 0.088
4770.000, 0.088
4776.000, 0.088
4782.000, 0.083
4788.000, 0.083
4794.000, 0.083
4800.000, 0.083
4806.000, 0.083
4812.000, 0.083
4818.000, 0.083
4824.000, 0.083
4830.000, 0.079
4836.000, 0.079
4842.000, 0.079
4848.000, 0.079
4854.000, 0.079
4860.000, 0.079
4866.000, 0.079
4872.000, 0.079
4878.000, 0.079
4884.000, 0.079
4890.000, 0.079
4896.000, 0.079
4902.000, 0.079
4908.000, 0.079
4914.000, 0.079
4920.000, 0.079
4926.000, 0.079
4932.000, 0.079
4938.000, 0.079
4944.000, 0.079
4950.000, 0.079
4956.000, 0.079
4962.000, 0.079
4968.000, 0.079
4974.000, 0.079
4980.000, 0.079
4986.000, 0.079
4992.000, 0.079
4998.000, 0.079
6.000, -13.921
12.000, -13.921
18.000, -13.917
24.000, -13.907
30.000, -13.889
36.000, -13.866
42.000, -13.838
48.000, -13.810
54.000, -13.778
60.000, -13.745
66.000, -13.708
72.000, -13.671
78.000, -13.634
84.000, -13.597
90.000, -13.560
96.000, -13.523
102.000, -13.486
108.000, -13.444
114.000, -13.403
120.000, -13.366
126.000, -13.329
132.000, -13.287
138.000, -13.245
144.000, -13.208
150.000, -13.171
156.000, -13.130
162.000, -13.088
168.000, -13.051
174.000, -13.009
180.000, -12.968
186.000, -12.931
192.000, -12.889
198.000, -12.847
204.000, -12.810
210.000, -12.773
216.000, -12.731
222.000, -12.690
228.000, -12.653
234.000, -12.611
240.000, -12.569
246.000, -12.532
252.000, -12.495
258.000, -12.454
264.000, -12.412
270.000, -12.375
276.000, -12.333
282.000, -12.292
288.000, -12.255
294.000, -12.213
300.000, -12.171
306.000, -12.134
312.000, -12.093
318.000, -12.051
324.000, -12.014
330.000, -11.972
336.000, -11.935
342.000, -11.894
348.000, -11.852
354.000, -11.815
360.000, -11.773
366.000, -11.736
372.000, -11.694
378.000, -11.653
384.000, -11.616
390.000, -11.574
396.000, -11.532
402.000, -11.495
408.000, -11.454
414.000, -11.412
420.000, -11.375
426.000, -11.333
432.000, -11.292
438.000, -11.255
444.000, -11.213
450.000, -11.171
456.000, -11.134
462.000, -11.093
468.000, -11.051
474.000, -11.014
480.000, -10.972
486.000, -10.935
492.000, -10.894
498.000, -10.852
504.000, -10.815
510.000, -10.773
516.000, -10.731
522.000, -10.694
528.000, -10.653
534.000, -10.616
540.000, -10.574
546.000, -10.532
552.000, -10.495
558.000, -10.454
564.000, -10.412
570.000, -10.375
576.000, -10.333
582.000, -10.292
588.000, -10.255
594.000, -10.213
600.000, -10.171
606.000, -10.134
612.000, -10.093
618.000, -10.051
624.000, -10.014
630.000, -9.972
636.000, -9.931
642.000, -9.894
648.000, -9.852
654.000, -9.810
660.000, -9.773
666.000, -9.731
672.000, -9.690
678.000, -9.653
684.000, -9.611
690.000, -9.569
696.000, -9.532
702.000, -9.491
708.000, -9.454
714.000, -9.412
720.000, -9.370
726.000, -9.333
732.000, -9.292
738.000, -9.250
744.000, -9.213
750.000, -9.171
756.000, -9.130
762.000, -9.093
768.000, -9.051
774.000, -9.014
780.000, -8.972
786.000, -8.931
792.000, -8.889
798.000, -8.852
804.000, -8.810
810.000, -8.773
816.000, -8.731
822.000, -8.690
828.000, -8.653
834.000, -8.611
840.000, -8.569
846.000, -8.532
852.000, -8.491
858.000, -8.449
864.000, -8.412
870.000, -8.370
876.000, -8.329
882.000, -8.292
888.000, -8.250
894.000, -8.208
900.000, -8.171
906.000, -8.130
912.000, -8.088
918.000, -8.051
924.000, -8.009
930.000, -7.968
936.000, -7.931
942.000, -7.889
948.000, -7.847
954.000, -7.810
960.000, -7.769
966.000, -7.727
972.000, -7.685
978.000, -7.648
984.000, -7.606
990.000, -7.569
996.000, -7.528
1002.000, -7.486
1008.000, -7.449
1014.000, -7.407
1020.000, -7.366
1026.000, -7.329
1032.000, -7.287
1038.000, -7.245
1044.000, -7.208
1050.000, -7.167
1056.000, -7.125
1062.000, -7.088
1068.000, -7.046
1074.000, -7.005
1080.000, -6.968
1086.000, -6.926
1092.000, -6.884
1098.000, -6.847
1104.000, -6.806
1110.000, -6.764
1116.000, -6.722
1122.000, -6.685
1128.000, -6.644
1134.000, -6.606
1140.000, -6.565
1146.000, -6.523
1152.000, -6.486
1158.000, -6.444
1164.000, -6.403
1170.000, -6.366
1176.000, -6.324
1182.000, -6.282
1188.000, -6.241
1194.000, -6.204
1200.000, -6.162
1206.000, -6.120
1212.000, -6.083
1218.000, -6.042
1224.000, -6.000
1230.000, -5.963
1236.000, -5.921
1242.000, -5.880
1248.000, -5.843
1254.000, -5.801
1260.000, -5.759
1266.000, -5.718
1272.000, -5.681
1278.000, -5.639
1284.000, -5.597
1290.000, -5.560
1296.000, -5.519
1302.000, -5.477
1308.000, -5.440
1314.000, -5.398
1320.000, -5.356
1326.000, -5.319
1332.000, -5.278
1338.000, -5.236
1344.000, -5.199
1350.000, -5.157
1356.000, -5.116
1362.000, -5.079
1368.000, -5.037
1374.000, -4.995
1380.000, -4.958
1386.000, -4.917
1392.000, -4.875
1398.000, -4.838
1404.000, -4.796
1410.000, -4.755
1416.000, -4.718
1422.000, -4.676
1428.000, -4.634
1434.000, -4.597
1440.000, -4.556
1446.000, -4.514
1452.000, -4.477
1458.000, -4.435
1464.000, -4.394
1470.000, -4.352
1476.000, -4.315
1482.000, -4.273
1488.000, -4.236
1494.000, -4.194
1500.000, -4.153
1506.000, -4.111
1512.000, -4.069
1518.000, -4.032
1524.000, -3.991
1530.000, -3.949
1536.000, -3.912
1542.000, -3.870
1548.000, -3.829
1554.000, -3.792
1560.000, -3.750
1566.000, -3.708
1572.000, -3.671
1578.000, -3.630
1584.000, -3.588
1590.000, -3.551
1596.000, -3.509
1602.000, -3.468
1608.000, -3.431
1614.000, -3.389
1620.000, -3.347
1626.000, -3.310
1632.000, -3.269
1638.000, -3.227
1644.000, -3.190
1650.000, -3.148
1656.000, -3.106
1662.000, -3.069
1668.000, -3.028
1674.000, -2.986
1680.000, -2.949
1686.000, -2.907
1692.000, -2.866
1698.000, -2.829
1704.000, -2.787
1710.000, -2.745
1716.000, -2.708
1722.000, -2.667
1728.000, -2.625
1734.000, -2.583
1740.000, -2.546
1746.000, -2.505
1752.000, -2.463
1758.000, -2.426
1764.000, -2.384
1770.000, -2.347
1776.000, -2.306
1782.000, -2.264
1788.000, -2.227
1794.000, -2.185
1800.000, -2.148
1806.000, -2.106
1812.000, -2.069
1818.000, -2.032
1824.000, -1.991
1830.000, -1.954
1836.000, -1.912
1842.000, -1.875
1848.000, -1.838
1854.000, -1.801
1860.000, -1.764
1866.000, -1.722
1872.000, -1.685
1878.000, -1.648
1884.000, -1.611
1890.000, -1.569
1896.000, -1.532
1902.000, -1.495
1908.000, -1.458
1914.000, -1.421
1920.000, -1.384
1926.000, -1.347
1932.000, -1.310
1938.000, -1.278
1944.000, -1.241
1950.000, -1.204
1956.000, -1.171
1962.000, -1.134
1968.000, -1.097
1974.000, -1.065
1980.000, -1.032
1986.000, -0.995
1992.000, -0.963
1998.000, -0.931
2004.000, -0.894
2010.000, -0.861
2016.000, -0.829
2022.000, -0.796
2028.000, -0.764
2034.000, -0.736
2040.000, -0.704
2046.000, -0.671
2052.000, -0.639
2058.000, -0.611
2064.000, -0.579
2070.000, -0.551
2076.000, -0.519
2082.000, -0.491
2088.000, -0.463
2094.000, -0.435
2100.000, -0.407
2106.000, -0.380
2112.000, -0.356
2118.000, -0.329
2124.000, -0.301
2130.000, -0.278
2136.000, -0.255
2142.000, -0.231
2148.000, -0.208
2154.000, -0.185
2160.000, -0.162
2166.000, -0.139
2172.000, -0.116
2178.000, -0.097
2184.000, -0.074
2190.000, -0.056
2196.000, -0.032
2202.000, -0.014
2208.000, 0.005
2214.000, 0.023
2220.000, 0.042
2226.000, 0.060
2232.000, 0.074
2238.000, 0.088
2244.000, 0.106
2250.000, 0.120
2256.000, 0.134
2262.000, 0.148
2268.000, 0.162
2274.000, 0.171
2280.000, 0.181
2286.000, 0.194
2292.000, 0.204
2298.000, 0.213
2304.000, 0.222
2310.000, 0.227
2316.000, 0.236
2322.000, 0.245
2328.000, 0.250
2334.000, 0.255
2340.000, 0.259
2346.000, 0.264
2352.000, 0.269
2358.000, 0.273
2364.000, 0.273
2370.000, 0.278
2376.000, 0.278
2382.000, 0.278
2388.000, 0.278
2394.000, 0.278
2400.000, 0.278
2406.000, 0.278
2412.000, 0.278
2418.000, 0.278
2424.000, 0.278
2430.000, 0.278
2436.000, 0.278
2442.000, 0.278
2448.000, 0.278
2454.000, 0.278
2460.000, 0.278
2466.000, 0.278
2472.000, 0.278
2478.000, 0.278
2484.000, 0.278
2490.000, 0.278
2496.000, 0.278
2502.000, 0.278
2508.000, 0.278
2514.000, 0.278
2520.000, 0.278
2526.000, 0.278
2532.000, 0.278
2538.000, 0.278
2544.000, 0.278
2550.000, 0.278
2556.000, 0.278
2562.000, 0.278
2568.000, 0.278
2574.000, 0.278
2580.000, 0.278
2586.000, 0.278
2592.000, 0.278
2598.000, 0.278
2604.000, 0.278
2610.000, 0.278
2616.000, 0.278
2622.000, 0.278
2628.000, 0.278
2634.000, 0.278
2640.000, 0.278
2646.000, 0.278
2652.000, 0.278
2658.000, 0.278
2664.000, 0.278
2670.000, 0.278
2676.000, 0.278
2682.000, 0.278
2688.000, 0.278
2694.000, 0.278
2700.000, 0.278
2706.000, 0.278
2712.000, 0.278
2718.000, 0.278
2724.000, 0.278
2730.000, 0.278
2736.000, 0.278
2742.000, 0.278
2748.000, 0.278
2754.000, 0.278
2760.000, 0.278
2766.000, 0.278
2772.000, 0.278
2778.000, 0.278
2784.000, 0.278
2790.000, 0.278
2796.000, 0.278
2802.000, 0.278
2808.000, 0.278
2814.000, 0.278
2820.000, 0.278
2826.000, 0.278
2832.000, 0.278
2838.000, 0.278
2844.000, 0.278
2850.000, 0.278
2856.000, 0.278
2862.000, 0.278
2868.000, 0.278
2874.000, 0.278
2880.000, 0.278
2886.000, 0.278
2892.000, 0.278
2898.000, 0.278
2904.000, 0.278
2910.000, 0.278
2916.000, 0.278
2922.000, 0.278
2928.000, 0.278
2934.000, 0.278
2940.000, 0.278
2946.000, 0.278
2952.000, 0.278
2958.000, 0.278
2964.000, 0.278
2970.000, 0.278
2976.000, 0.278
2982.000, 0.278
2988.000, 0.278
2994.000, 0.278
3000.000, 0.278
3006.000, 0.278
3012.000, 0.278
3018.000, 0.278
3024.000, 0.278
3030.000, 0.278
3036.000, 0.278
3042.000, 0.278
3048.000, 0.278
3054.000, 0.278
3060.000, 0.278
3066.000, 0.278
3072.000, 0.278
3078.000, 0.278
3084.000, 0.278
3090.000, 0.278
3096.000, 0.278
3102.000, 0.278
3108.000, 0.278
3114.000, 0.278
3120.000, 0.278
3126.000, 0.278
3132.000, 0.278
3138.000, 0.278
3144.000, 0.278
3150.000, 0.278
3156.000, 0.278
3162.000, 0.278
3168.000, 0.278
3174.000, 0.278
3180.000, 0.278
3186.000, 0.278
3192.000, 0.278
3198.000, 0.278
3204.000, 0.278
3210.000, 0.278
3216.000, 0.278
3222.000, 0.278
3228.000, 0.278
3234.000, 0.278
3240.000, 0.278
3246.000, 0.278
3252.000, 0.278
3258.000, 0.278
3264.000, 0.278
3270.000, 0.278
3276.000, 0.278
3282.000, 0.278
3288.000, 0.278
3294.000, 0.278
3300.000, 0.278
3306.000, 0.278
3312.000, 0.278
3318.000, 0.278
3324.000, 0.278
3330.000, 0.278
3336.000, 0.278
3342.000, 0.278
3348.000, 0.278
3354.000, 0.278
3360.000, 0.278
3366.000, 0.278
3372.000, 0.278
3378.000, 0.278
3384.000, 0.278
3390.000, 0.278
3396.000, 0.278
3402.000, 0.278
3408.000, 0.278
3414.000, 0.278
3420.000, 0.278
3426.000, 0.278
3432.000, 0.278
3438.000, 0.278
3444.000, 0.278
3450.000, 0.278
3456.000, 0.278
3462.000, 0.278
3468.000, 0.278
3474.000, 0.278
3480.000, 0.278
3486.000, 0.278
3492.000, 0.278
3498.000, 0.278
3504.000, 0.278
3510.000, 0.278
3516.000, 0.278
3522.000, 0.278
3528.000, 0.278
3534.000, 0.278
3540.000, 0.278
3546.000, 0.278
3552.000, 0.278
3558.000, 0.278
3564.000, 0.278
3570.000, 0.278
3576.000, 0.278
3582.000, 0.278
3588.000, 0.278
3594.000, 0.278
3600.000, 0.278
3606.000, 0.278
3612.000, 0.278
3618.000, 0.278
3624.000, 0.278
3630.000, 0.278
3636.000, 0.278
3642.000, 0.278
3648.000, 0.278
3654.000, 0.278
3660.000, 0.278
3666.000, 0.278
3672.000, 0.278
3678.000, 0.278
3684.000, 0.278
3690.000, 0.278
3696.000, 0.278
3702.000, 0.278
3708.000, 0.278
3714.000, 0.278
3720.000, 0.278
3726.000, 0.278
3732.000, 0.278
3738.000, 0.278
3744.000, 0.278
3750.000, 0.278
3756.000, 0.278
3762.000, 0.278
3768.000, 0.278
3774.000, 0.278
3780.000, 0.278
3786.000, 0.278
3792.000, 0.278
3798.000, 0.278
3804.000, 0.278
3810.000, 0.278
3816.000, 0.278
3822.000, 0.278
3828.000, 0.278
3834.000, 0.278
3840.000, 0.278
3846.000, 0.278
3852.000, 0.278
3858.000, 0.278
3864.000, 0.278
3870.000, 0.278
3876.000, 0.278
3882.000, 0.278
3888.000, 0.278
3894.000, 0.278
3900.000, 0.278
3906.000, 0.278
3912.000, 0.278
3918.000, 0.278
3924.000, 0.278
3930.000, 0.278
3936.000, 0.278
3942.000, 0.278
3948.000, 0.278
3954.000, 0.278
3960.000, 0.278
3966.000, 0.278
3972.000, 0.278
3978.000, 0.278
3984.000, 0.278
3990.000, 0.278
3996.000, 0.278
4002.000, 0.278
4008.000, 0.278
4014.000, 0.278
4020.000, 0.278
4026.000, 0.278
4032.000, 0.278
4038.000, 0.278
4044.000, 0.278
4050.000, 0.278
4056.000, 0.278
4062.000, 0.278
4068.000, 0.278
4074.000, 0.278
4080.000, 0.278
4086.000, 0.278
4092.000, 0.278
4098.000, 0.278
4104.000, 0.278
4110.000, 0.278
4116.000, 0.278
4122.000, 0.278
4128.000, 0.278
4134.000, 0.278
4140.000, 0.278
4146.000, 0.278
4152.000, 0.278
4158.000, 0.278
4164.000, 0.278
4170.000, 0.278
4176.000, 0.278
4182.000, 0.278
4188.000, 0.278
4194.000, 0.278
4200.000, 0.278
4206.000, 0.278
4212.000, 0.278
4218.000, 0.278
4224.000, 0.278
4230.000, 0.278
4236.000, 0.278
4242.000, 0.278
4248.000, 0.278
4254.000, 0.278
4260.000, 0.278
4266.000, 0.278
4272.000, 0.278
4278.000, 0.278
4284.000, 0.278
4290.000, 0.278
4296.000, 0.278
4302.000, 0.278
4308.000, 0.278
4314.000, 0.278
4320.000, 0.278
4326.000, 0.278
4332.000, 0.278
4338.000, 0.278
4344.000, 0.278
4350.000, 0.278
4356.000, 0.278
4362.000, 0.278
4368.000, 0.278
4374.000, 0.278
4380.000, 0.278
4386.000, 0.278
4392.000, 0.278
4398.000, 0.278
4404.000, 0.278
4410.000, 0.278
4416.000, 0.278
4422.000, 0.278
4428.000, 0.278
4434.000, 0.278
4440.000, 0.278
4446.000, 0.278
4452.000, 0.278
4458.000, 0.278
4464.000, 0.278
4470.000, 0.278
4476.000, 0.278
4482.000, 0.278
4488.000, 0.278
4494.000, 0.278
4500.000, 0.278
4506.000, 0.278
4512.000, 0.278
4518.000, 0.278
4524.000, 0.278
4530.000, 0.278
4536.000, 0.278
4542.000, 0.278
4548.000, 0.278
4554.000, 0.278
4560.000, 0.278
4566.000, 0.278
4572.000, 0.278
4578.000, 0.278
4584.000, 0.278
4590.000, 0.278
4596.000, 0.278
4602.000, 0.278
4608.000, 0.278
4614.000, 0.278
4620.000, 0.278
4626.000, 0.278
4632.000, 0.278
4638.000, 0.278
4644.000, 0.278
4650.000, 0.278
4656.000, 0.278
4662.000, 0.278
4668.000, 0.278
4674.000, 0.278
4680.000, 0.278
4686.000, 0.278
4692.000, 0.278
4698.000, 0.278
4704.000, 0.278
4710.000, 0.278
4716.000, 0.278
4722.000, 0.278
4728.000, 0.278
4734.000, 0.278
4740.000, 0.278
4746.000, 0.278
4752.000, 0.278
4758.000, 0.278
4764.000, 0.278
4770.000, 0.278
4776.000, 0.278
4782.000, 0.278
4788.000, 0.278
4794.000, 0.278
4800.000, 0.278
4806.000, 0.278
4812.000, 0.278
4818.000, 0.278
4824.000, 0.278
4830.000, 0.278
4836.000, 0.278
4842.000, 0.278
4848.000, 0.278
4854.000, 0.278
4860.000, 0.278
4866.000, 0.278
4872.000, 0.278
4878.000, 0.278
4884.000, 0.278
4890.000, 0.278
4896.000, 0.278
4902.000, 0.278
4908.000, 0.278
4914.000, 0.278
4920.000, 0.278
4926.000, 0.278
4932.000, 0.278
4938.000, 0.278
4944.000, 0.278
4950.000, 0.278
4956.000, 0.278
4962.000, 0.278
4968.000, 0.278
4974.000, 0.278
4980.000, 0.278
4986.000, 0.278
4992.000, 0.278
4998.000, 0.278
6.000, 5.278
12.000, 5.273
18.000, 5.264
24.000, 5.241
30.000, 5.218
36.000, 5.190
42.000, 5.157
48.000, 5.125
54.000, 5.088
60.000, 5.056
66.000, 5.014
72.000, 4.977
78.000, 4.940
84.000, 4.903
90.000, 4.866
96.000, 4.824
102.000, 4.787
108.000, 4.745
114.000, 4.708
120.000, 4.667
126.000, 4.625
132.000, 4.588
138.000, 4.546
144.000, 4.505
150.000, 4.468
156.000, 4.431
162.000, 4.389
168.000, 4.347
174.000, 4.310
180.000, 4.269
186.000, 4.227
192.000, 4.190
198.000, 4.148
204.000, 4.106
210.000, 4.069
216.000, 4.028
222.000, 3.986
228.000, 3.949
234.000, 3.912
240.000, 3.870
246.000, 3.829
252.000, 3.792
258.000, 3.755
264.000, 3.713
270.000, 3.676
276.000, 3.634
282.000, 3.597
288.000, 3.560
294.000, 3.523
300.000, 3.481
306.000, 3.444
312.000, 3.403
318.000, 3.366
324.000, 3.329
330.000, 3.292
336.000, 3.255
342.000, 3.218
348.000, 3.181
354.000, 3.144
360.000, 3.106
366.000, 3.069
372.000, 3.032
378.000, 2.995
384.000, 2.958
390.000, 2.926
396.000, 2.889
402.000, 2.856
408.000, 2.819
414.000, 2.782
420.000, 2.745
426.000, 2.713
432.000, 2.681
438.000, 2.644
444.000, 2.611
450.000, 2.579
456.000, 2.542
462.000, 2.509
468.000, 2.477
474.000, 2.444
480.000, 2.412
486.000, 2.380
492.000, 2.347
498.000, 2.319
504.000, 2.287
510.000, 2.255
516.000, 2.227
522.000, 2.199
528.000, 2.171
534.000, 2.139
540.000, 2.111
546.000, 2.083
552.000, 2.056
558.000, 2.032
564.000, 2.005
570.000, 1.977
576.000, 1.954
582.000, 1.931
588.000, 1.903
594.000, 1.880
600.000, 1.856
606.000, 1.833
612.000, 1.810
618.000, 1.792
624.000, 1.769
630.000, 1.745
636.000, 1.722
642.000, 1.704
648.000, 1.681
654.000, 1.662
660.000, 1.644
666.000, 1.625
672.000, 1.606
678.000, 1.588
684.000, 1.569
690.000, 1.556
696.000, 1.537
702.000, 1.523
708.000, 1.505
714.000, 1.491
720.000, 1.477
726.000, 1.463
732.000, 1.449
738.000, 1.435
744.000, 1.421
750.000, 1.412
756.000, 1.398
762.000, 1.384
768.000, 1.375
774.000, 1.361
780.000, 1.347
786.000, 1.338
792.000, 1.329
798.000, 1.315
804.000, 1.301
810.000, 1.292
816.000, 1.282
822.000, 1.273
828.000, 1.264
834.000, 1.255
840.000, 1.245
846.000, 1.236
852.000, 1.227
858.000, 1.218
864.000, 1.213
870.000, 1.204
876.000, 1.194
882.000, 1.185
888.000, 1.176
894.000, 1.171
900.000, 1.162
906.000, 1.153
912.000, 1.148
918.000, 1.139
924.000, 1.134
930.000, 1.125
936.000, 1.120
942.000, 1.111
948.000, 1.106
954.000, 1.097
960.000, 1.093
966.000, 1.083
972.000, 1.079
978.000, 1.074
984.000, 1.069
990.000, 1.060
996.000, 1.060
1002.000, 1.051
1008.000, 1.046
1014.000, 1.042
1020.000, 1.032
1026.000, 1.023
1032.000, 1.023
1038.000, 1.014
1044.000, 1.009
1050.000, 1.005
1056.000, 1.005
1062.000, 1.000
1068.000, 0.995
1074.000, 0.991
1080.000, 0.986
1086.000, 0.981
1092.000, 0.977
1098.000, 0.972
1104.000, 0.968
1110.000, 0.968
1116.000, 0.968
1122.000, 0.963
1128.000, 0.958
1134.000, 0.958
1140.000, 0.954
1146.000, 0.949
1152.000, 0.949
1158.000, 0.944
1164.000, 0.944
1170.000, 0.940
1176.000, 0.940
1182.000, 0.935
1188.000, 0.931
1194.000, 0.931
1200.000, 0.931
1206.000, 0.921
1212.000, 0.921
1218.000, 0.921
1224.000, 0.917
1230.000, 0.912
1236.000, 0.912
1242.000, 0.912
1248.000, 0.907
1254.000, 0.903
1260.000, 0.903
1266.000, 0.903
1272.000, 0.898
1278.000, 0.894
1284.000, 0.894
1290.000, 0.889
1296.000, 0.889
1302.000, 0.889
1308.000, 0.889
1314.000, 0.884
1320.000, 0.884
1326.000, 0.884
1332.000, 0.880
1338.000, 0.880
1344.000, 0.875
1350.000, 0.875
1356.000, 0.870
1362.000, 0.866
1368.000, 0.866
1374.000, 0.866
1380.000, 0.861
1386.000, 0.856
1392.000, 0.856
1398.000, 0.856
1404.000, 0.856
1410.000, 0.856
1416.000, 0.856
1422.000, 0.856
1428.000, 0.856
1434.000, 0.856
1440.000, 0.856
1446.000, 0.856
1452.000, 0.856
1458.000, 0.856
1464.000, 0.856
1470.000, 0.856
1476.000, 0.856
1482.000, 0.856
1488.000, 0.856
1494.000, 0.856
1500.000, 0.856
1506.000, 0.852
1512.000, 0.852
1518.000, 0.847
1524.000, 0.847
1530.000, 0.847
1536.000, 0.847
1542.000, 0.847
1548.000, 0.847
1554.000, 0.847
1560.000, 0.847
1566.000, 0.847
1572.000, 0.847
1578.000, 0.847
1584.000, 0.847
1590.000, 0.847
1596.000, 0.847
1602.000, 0.847
1608.000, 0.843
1614.000, 0.843
1620.000, 0.838
1626.000, 0.838
1632.000, 0.838
1638.000, 0.838
1644.000, 0.838
1650.000, 0.838
1656.000, 0.838
1662.000, 0.838
1668.000, 0.838
1674.000, 0.838
1680.000, 0.838
1686.000, 0.838
1692.000, 0.838
1698.000, 0.838
1704.000, 0.838
1710.000, 0.838
1716.000, 0.838
1722.000, 0.838
1728.000, 0.838
1734.000, 0.838
1740.000, 0.838
1746.000, 0.838
1752.000, 0.838
1758.000, 0.838
1764.000, 0.838
1770.000, 0.838
1776.000, 0.838
1782.000, 0.838
1788.000, 0.838
1794.000, 0.838
1800.000, 0.838
1806.000, 0.838
1812.000, 0.838
1818.000, 0.838
1824.000, 0.838
1830.000, 0.838
1836.000, 0.838
1842.000, 0.838
1848.000, 0.838
1854.000, 0.838
1860.000, 0.838
1866.000, 0.838
1872.000, 0.838
1878.000, 0.838
1884.000, 0.838
1890.000, 0.838
1896.000, 0.838
1902.000, 0.838
1908.000, 0.838
1914.000, 0.838
1920.000, 0.838
1926.000, 0.838
1932.000, 0.838
1938.000, 0.838
1944.000, 0.838
1950.000, 0.838
1956.000, 0.838
1962.000, 0.838
1968.000, 0.838
1974.000, 0.838
1980.000, 0.838
1986.000, 0.838
1992.000, 0.838
1998.000, 0.838
2004.000, 0.838
2010.000, 0.838
2016.000, 0.838
2022.000, 0.838
2028.000, 0.838
2034.000, 0.838
2040.000, 0.838
2046.000, 0.838
2052.000, 0.838
2058.000, 0.838
2064.000, 0.838
2070.000, 0.838
2076.000, 0.838
2082.000, 0.838
2088.000, 0.838
2094.000, 0.838
2100.000, 0.838
2106.000, 0.838
2112.000, 0.838
2118.000, 0.838
2124.000, 0.838
2130.000, 0.838
2136.000, 0.838
2142.000, 0.838
2148.000, 0.838
2154.000, 0.838
2160.000, 0.838
2166.000, 0.838
2172.000, 0.833
2178.000, 0.833
2184.000, 0.833
2190.000, 0.833
2196.000, 0.829
2202.000, 0.829
2208.000, 0.829
2214.000, 0.829
2220.000, 0.824
2226.000, 0.824
2232.000, 0.819
2238.000, 0.819
2244.000, 0.819
2250.000, 0.819
2256.000, 0.819
2262.000, 0.819
2268.000, 0.819
2274.000, 0.819
2280.000, 0.819
2286.000, 0.819
2292.000, 0.819
2298.000, 0.815
2304.000, 0.815
2310.000, 0.810
2316.000, 0.810
2322.000, 0.810
2328.000, 0.810
2334.000, 0.810
2340.000, 0.810
2346.000, 0.810
2352.000, 0.810
2358.000, 0.810
2364.000, 0.810
2370.000, 0.810
2376.000, 0.810
2382.000, 0.810
2388.000, 0.810
2394.000, 0.810
2400.000, 0.810
2406.000, 0.810
2412.000, 0.810
2418.000, 0.810
2424.000, 0.810
2430.000, 0.810
2436.000, 0.810
2442.000, 0.810
2448.000, 0.810
2454.000, 0.810
2460.000, 0.810
2466.000, 0.810
2472.000, 0.810
2478.000, 0.810
2484.000, 0.810
2490.000, 0.810
2496.000, 0.810
2502.000, 0.810
2508.000, 0.810
2514.000, 0.810
2520.000, 0.810
2526.000, 0.810
2532.000, 0.810
2538.000, 0.810
2544.000, 0.810
2550.000, 0.810
2556.000, 0.810
2562.000, 0.810
2568.000, 0.810
2574.000, 0.810
2580.000, 0.810
2586.000, 0.810
2592.000, 0.810
2598.000, 0.810
2604.000, 0.810
2610.000, 0.810
2616.000, 0.810
2622.000, 0.810
2628.000, 0.810
2634.000, 0.810
2640.000, 0.810
2646.000, 0.810
2652.000, 0.810
2658.000, 0.810
2664.000, 0.810
2670.000, 0.810
2676.000, 0.810
2682.000, 0.806
2688.000, 0.806
2694.000, 0.801
2700.000, 0.801
2706.000, 0.801
2712.000, 0.801
2718.000, 0.801
2724.000, 0.801
2730.000, 0.801
2736.000, 0.801
2742.000, 0.801
2748.000, 0.801
2754.000, 0.801
2760.000, 0.801
2766.000, 0.801
2772.000, 0.801
2778.000, 0.796
2784.000, 0.796
2790.000, 0.792
2796.000, 0.792
2802.000, 0.792
2808.000, 0.787
2814.000, 0.787
2820.000, 0.782
2826.000, 0.782
2832.000, 0.782
2838.000, 0.778
2844.000, 0.778
2850.000, 0.778
2856.000, 0.773
2862.000, 0.773
2868.000, 0.773
2874.000, 0.773
2880.000, 0.769
2886.000, 0.769
2892.000, 0.764
2898.000, 0.764
2904.000, 0.764
2910.000, 0.764
2916.000, 0.764
2922.000, 0.764
2928.000, 0.764
2934.000, 0.764
2940.000, 0.764
2946.000, 0.764
2952.000, 0.764
2958.000, 0.764
2964.000, 0.764
2970.000, 0.764
2976.000, 0.764
2982.000, 0.764
2988.000, 0.764
2994.000, 0.764
3000.000, 0.764
3006.000, 0.764
3012.000, 0.764
3018.000, 0.759
3024.000, 0.759
3030.000, 0.755
3036.000, 0.755
3042.000, 0.755
3048.000, 0.750
3054.000, 0.750
3060.000, 0.750
3066.000, 0.745
3072.000, 0.745
3078.000, 0.745
3084.000, 0.745
3090.000, 0.745
3096.000, 0.745
3102.000, 0.745
3108.000, 0.745
3114.000, 0.745
3120.000, 0.745
3126.000, 0.745
3132.000, 0.745
3138.000, 0.745
3144.000, 0.745
3150.000, 0.745
3156.000, 0.745
3162.000, 0.745
3168.000, 0.745
3174.000, 0.745
3180.000, 0.745
3186.000, 0.745
3192.000, 0.745
3198.000, 0.745
3204.000, 0.745
3210.000, 0.745
3216.000, 0.745
3222.000, 0.745
3228.000, 0.745
3234.000, 0.745
3240.000, 0.745
3246.000, 0.745
3252.000, 0.745
3258.000, 0.745
3264.000, 0.745
3270.000, 0.745
3276.000, 0.745
3282.000, 0.745
3288.000, 0.745
3294.000, 0.745
3300.000, 0.745
3306.000, 0.745
3312.000, 0.745
3318.000, 0.745
3324.000, 0.745
3330.000, 0.745
3336.000, 0.745
3342.000, 0.745
3348.000, 0.745
3354.000, 0.745
3360.000, 0.745
3366.000, 0.745
3372.000, 0.745
3378.000, 0.745
3384.000, 0.745
3390.000, 0.745
3396.000, 0.745
3402.000, 0.745
3408.000, 0.745
3414.000, 0.745
3420.000, 0.745
3426.000, 0.745
3432.000, 0.745
3438.000, 0.745
3444.000, 0.745
3450.000, 0.745
3456.000, 0.745
3462.000, 0.745
3468.000, 0.745
3474.000, 0.745
3480.000, 0.745
3486.000, 0.745
3492.000, 0.745
3498.000, 0.745
3504.000, 0.745
3510.000, 0.745
3516.000, 0.745
3522.000, 0.745
3528.000, 0.745
3534.000, 0.745
3540.000, 0.745
3546.000, 0.745
3552.000, 0.741
3558.000, 0.741
3564.000, 0.736
3570.000, 0.736
3576.000, 0.736
3582.000, 0.736
3588.000, 0.736
3594.000, 0.736
3600.000, 0.736
3606.000, 0.736
3612.000, 0.736
3618.000, 0.736
3624.000, 0.736
3630.000, 0.736
3636.000, 0.736
3642.000, 0.736
3648.000, 0.736
3654.000, 0.736
3660.000, 0.736
3666.000, 0.736
3672.000, 0.731
3678.000, 0.731
3684.000, 0.727
3690.000, 0.727
3696.000, 0.727
3702.000, 0.727
3708.000, 0.727
3714.000, 0.727
3720.000, 0.727
3726.000, 0.727
3732.000, 0.722
3738.000, 0.722
3744.000, 0.722
3750.000, 0.722
3756.000, 0.722
3762.000, 0.722
3768.000, 0.718
3774.000, 0.718
3780.000, 0.718
3786.000, 0.718
3792.000, 0.718
3798.000, 0.718
3804.000, 0.718
3810.000, 0.718
3816.000, 0.718
3822.000, 0.718
3828.000, 0.718
3834.000, 0.718
3840.000, 0.718
3846.000, 0.718
3852.000, 0.718
3858.000, 0.718
3864.000, 0.718
3870.000, 0.718
3876.000, 0.718
3882.000, 0.718
3888.000, 0.718
3894.000, 0.718
3900.000, 0.718
3906.000, 0.718
3912.000, 0.718
3918.000, 0.718
3924.000, 0.718
3930.000, 0.718
3936.000, 0.718
3942.000, 0.718
3948.000, 0.718
3954.000, 0.718
3960.000, 0.718
3966.000, 0.718
3972.000, 0.718
3978.000, 0.718
3984.000, 0.718
3990.000, 0.718
3996.000, 0.718
4002.000, 0.718
4008.000, 0.718
4014.000, 0.718
4020.000, 0.718
4026.000, 0.718
4032.000, 0.718
4038.000, 0.718
4044.000, 0.718
4050.000, 0.718
4056.000, 0.718
4062.000, 0.718
4068.000, 0.718
4074.000, 0.718
4080.000, 0.718
4086.000, 0.718
4092.000, 0.718
4098.000, 0.718
4104.000, 0.718
4110.000, 0.718
4116.000, 0.718
4122.000, 0.713
4128.000, 0.713
4134.000, 0.708
4140.000, 0.708
4146.000, 0.708
4152.000, 0.708
4158.000, 0.704
4164.000, 0.704
4170.000, 0.699
4176.000, 0.699
4182.000, 0.699
4188.000, 0.699
4194.000, 0.699
4200.000, 0.699
4206.000, 0.699
4212.000, 0.699
4218.000, 0.699
4224.000, 0.699
4230.000, 0.699
4236.000, 0.699
4242.000, 0.699
4248.000, 0.699
4254.000, 0.699
4260.000, 0.699
4266.000, 0.699
4272.000, 0.699
4278.000, 0.699
4284.000, 0.699
4290.000, 0.699
4296.000, 0.699
4302.000, 0.699
4308.000, 0.699
4314.000, 0.699
4320.000, 0.699
4326.000, 0.699
4332.000, 0.699
4338.000, 0.699
4344.000, 0.699
4350.000, 0.699
4356.000, 0.699
4362.000, 0.699
4368.000, 0.699
4374.000, 0.699
4380.000, 0.699
4386.000, 0.699
4392.000, 0.699
4398.000, 0.699
4404.000, 0.699
4410.000, 0.699
4416.000, 0.699
4422.000, 0.699
4428.000, 0.699
4434.000, 0.699
4440.000, 0.699
4446.000, 0.699
4452.000, 0.699
4458.000, 0.699
4464.000, 0.699
4470.000, 0.699
4476.000, 0.699
4482.000, 0.699
4488.000, 0.699
4494.000, 0.699
4500.000, 0.699
4506.000, 0.699
4512.000, 0.699
4518.000, 0.699
4524.000, 0.699
4530.000, 0.699
4536.000, 0.699
4542.000, 0.699
4548.000, 0.699
4554.000, 0.699
4560.000, 0.699
4566.000, 0.699
4572.000, 0.699
4578.000, 0.699
4584.000, 0.699
4590.000, 0.699
4596.000, 0.699
4602.000, 0.699
4608.000, 0.699
4614.000, 0.699
4620.000, 0.699
4626.000, 0.699
4632.000, 0.699
4638.000, 0.699
4644.000, 0.699
4650.000, 0.699
4656.000, 0.699
4662.000, 0.699
4668.000, 0.699
4674.000, 0.699
4680.000, 0.699
4686.000, 0.699
4692.000, 0.699
4698.000, 0.699
4704.000, 0.699
4710.000, 0.699
4716.000, 0.699
4722.000, 0.699
4728.000, 0.699
4734.000, 0.699
4740.000, 0.699
4746.000, 0.699
4752.000, 0.699
4758.000, 0.699
4764.000, 0.699
4770.000, 0.699
4776.000, 0.699
4782.000, 0.699
4788.000, 0.699
4794.000, 0.699
4800.000, 0.699
4806.000, 0.699
4812.000, 0.699
4818.000, 0.699
4824.000, 0.699
4830.000, 0.699
4836.000, 0.699
4842.000, 0.699
4848.000, 0.699
4854.000, 0.699
4860.000, 0.699
4866.000, 0.699
4872.000, 0.699
4878.000, 0.699
4884.000, 0.699
4890.000, 0.699
4896.000, 0.699
4902.000, 0.699
4908.000, 0.699
4914.000, 0.699
4920.000, 0.699
4926.000, 0.699
4932.000, 0.699
4938.000, 0.699
4944.000, 0.699
4950.000, 0.699
4956.000, 0.694
4962.000, 0.694
4968.000, 0.690
4974.000, 0.690
4980.000, 0.690
4986.000, 0.690
4992.000, 0.690
